[14-Aug-2026 12:25:47 UTC] PHP Fatal error:  Cannot redeclare __t() (previously declared in /home/drbastaninejad/public_html/wp-content/mu-plugins/drb-localization/bootstrap.php:41) in /home/drbastaninejad/public_html/wp-content/themes/drbastaninejad-theme/inc/i18n.php on line 127
[14-Aug-2026 12:25:49 UTC] PHP Fatal error:  Cannot redeclare __t() (previously declared in /home/drbastaninejad/public_html/wp-content/mu-plugins/drb-localization/bootstrap.php:41) in /home/drbastaninejad/public_html/wp-content/themes/drbastaninejad-theme/inc/i18n.php on line 127
[14-Aug-2026 12:25:59 UTC] PHP Fatal error:  Cannot redeclare __t() (previously declared in /home/drbastaninejad/public_html/wp-content/mu-plugins/drb-localization/bootstrap.php:41) in /home/drbastaninejad/public_html/wp-content/themes/drbastaninejad-theme/inc/i18n.php on line 127
[14-Aug-2026 12:26:10 UTC] PHP Fatal error:  Cannot redeclare __t() (previously declared in /home/drbastaninejad/public_html/wp-content/mu-plugins/drb-localization/bootstrap.php:41) in /home/drbastaninejad/public_html/wp-content/themes/drbastaninejad-theme/inc/i18n.php on line 127
[14-Aug-2026 12:26:20 UTC] PHP Fatal error:  Cannot redeclare __t() (previously declared in /home/drbastaninejad/public_html/wp-content/mu-plugins/drb-localization/bootstrap.php:41) in /home/drbastaninejad/public_html/wp-content/themes/drbastaninejad-theme/inc/i18n.php on line 127
[14-Aug-2026 12:26:31 UTC] PHP Fatal error:  Cannot redeclare __t() (previously declared in /home/drbastaninejad/public_html/wp-content/mu-plugins/drb-localization/bootstrap.php:41) in /home/drbastaninejad/public_html/wp-content/themes/drbastaninejad-theme/inc/i18n.php on line 127
[14-Aug-2026 12:26:41 UTC] PHP Fatal error:  Cannot redeclare __t() (previously declared in /home/drbastaninejad/public_html/wp-content/mu-plugins/drb-localization/bootstrap.php:41) in /home/drbastaninejad/public_html/wp-content/themes/drbastaninejad-theme/inc/i18n.php on line 127
[14-Aug-2026 12:26:47 UTC] PHP Fatal error:  Cannot redeclare __t() (previously declared in /home/drbastaninejad/public_html/wp-content/mu-plugins/drb-localization/bootstrap.php:41) in /home/drbastaninejad/public_html/wp-content/themes/drbastaninejad-theme/inc/i18n.php on line 127
[14-Aug-2026 12:26:52 UTC] PHP Fatal error:  Cannot redeclare __t() (previously declared in /home/drbastaninejad/public_html/wp-content/mu-plugins/drb-localization/bootstrap.php:41) in /home/drbastaninejad/public_html/wp-content/themes/drbastaninejad-theme/inc/i18n.php on line 127
[14-Aug-2026 12:26:56 UTC] PHP Fatal error:  Cannot redeclare __t() (previously declared in /home/drbastaninejad/public_html/wp-content/mu-plugins/drb-localization/bootstrap.php:41) in /home/drbastaninejad/public_html/wp-content/themes/drbastaninejad-theme/inc/i18n.php on line 127
[14-Aug-2026 12:27:02 UTC] PHP Fatal error:  Cannot redeclare __t() (previously declared in /home/drbastaninejad/public_html/wp-content/mu-plugins/drb-localization/bootstrap.php:41) in /home/drbastaninejad/public_html/wp-content/themes/drbastaninejad-theme/inc/i18n.php on line 127
[14-Aug-2026 12:27:13 UTC] PHP Fatal error:  Cannot redeclare __t() (previously declared in /home/drbastaninejad/public_html/wp-content/mu-plugins/drb-localization/bootstrap.php:41) in /home/drbastaninejad/public_html/wp-content/themes/drbastaninejad-theme/inc/i18n.php on line 127
[14-Aug-2026 12:27:14 UTC] PHP Fatal error:  Cannot redeclare __t() (previously declared in /home/drbastaninejad/public_html/wp-content/mu-plugins/drb-localization/bootstrap.php:41) in /home/drbastaninejad/public_html/wp-content/themes/drbastaninejad-theme/inc/i18n.php on line 127
[14-Aug-2026 12:27:23 UTC] PHP Fatal error:  Cannot redeclare __t() (previously declared in /home/drbastaninejad/public_html/wp-content/mu-plugins/drb-localization/bootstrap.php:41) in /home/drbastaninejad/public_html/wp-content/themes/drbastaninejad-theme/inc/i18n.php on line 127
[14-Aug-2026 12:27:34 UTC] PHP Fatal error:  Cannot redeclare __t() (previously declared in /home/drbastaninejad/public_html/wp-content/mu-plugins/drb-localization/bootstrap.php:41) in /home/drbastaninejad/public_html/wp-content/themes/drbastaninejad-theme/inc/i18n.php on line 127
[14-Aug-2026 12:27:44 UTC] PHP Fatal error:  Cannot redeclare __t() (previously declared in /home/drbastaninejad/public_html/wp-content/mu-plugins/drb-localization/bootstrap.php:41) in /home/drbastaninejad/public_html/wp-content/themes/drbastaninejad-theme/inc/i18n.php on line 127
[14-Aug-2026 12:27:47 UTC] PHP Fatal error:  Cannot redeclare __t() (previously declared in /home/drbastaninejad/public_html/wp-content/mu-plugins/drb-localization/bootstrap.php:41) in /home/drbastaninejad/public_html/wp-content/themes/drbastaninejad-theme/inc/i18n.php on line 127
[14-Aug-2026 12:27:55 UTC] PHP Fatal error:  Cannot redeclare __t() (previously declared in /home/drbastaninejad/public_html/wp-content/mu-plugins/drb-localization/bootstrap.php:41) in /home/drbastaninejad/public_html/wp-content/themes/drbastaninejad-theme/inc/i18n.php on line 127
[14-Aug-2026 12:28:05 UTC] PHP Fatal error:  Cannot redeclare __t() (previously declared in /home/drbastaninejad/public_html/wp-content/mu-plugins/drb-localization/bootstrap.php:41) in /home/drbastaninejad/public_html/wp-content/themes/drbastaninejad-theme/inc/i18n.php on line 127
[14-Aug-2026 12:28:16 UTC] PHP Fatal error:  Cannot redeclare __t() (previously declared in /home/drbastaninejad/public_html/wp-content/mu-plugins/drb-localization/bootstrap.php:41) in /home/drbastaninejad/public_html/wp-content/themes/drbastaninejad-theme/inc/i18n.php on line 127
[14-Aug-2026 12:28:26 UTC] PHP Fatal error:  Cannot redeclare __t() (previously declared in /home/drbastaninejad/public_html/wp-content/mu-plugins/drb-localization/bootstrap.php:41) in /home/drbastaninejad/public_html/wp-content/themes/drbastaninejad-theme/inc/i18n.php on line 127
[14-Aug-2026 12:28:37 UTC] PHP Fatal error:  Cannot redeclare __t() (previously declared in /home/drbastaninejad/public_html/wp-content/mu-plugins/drb-localization/bootstrap.php:41) in /home/drbastaninejad/public_html/wp-content/themes/drbastaninejad-theme/inc/i18n.php on line 127
[14-Aug-2026 12:28:47 UTC] PHP Fatal error:  Cannot redeclare __t() (previously declared in /home/drbastaninejad/public_html/wp-content/mu-plugins/drb-localization/bootstrap.php:41) in /home/drbastaninejad/public_html/wp-content/themes/drbastaninejad-theme/inc/i18n.php on line 127
[14-Aug-2026 12:28:47 UTC] PHP Fatal error:  Cannot redeclare __t() (previously declared in /home/drbastaninejad/public_html/wp-content/mu-plugins/drb-localization/bootstrap.php:41) in /home/drbastaninejad/public_html/wp-content/themes/drbastaninejad-theme/inc/i18n.php on line 127
[14-Aug-2026 12:28:58 UTC] PHP Fatal error:  Cannot redeclare __t() (previously declared in /home/drbastaninejad/public_html/wp-content/mu-plugins/drb-localization/bootstrap.php:41) in /home/drbastaninejad/public_html/wp-content/themes/drbastaninejad-theme/inc/i18n.php on line 127
[14-Aug-2026 12:29:08 UTC] PHP Fatal error:  Cannot redeclare __t() (previously declared in /home/drbastaninejad/public_html/wp-content/mu-plugins/drb-localization/bootstrap.php:41) in /home/drbastaninejad/public_html/wp-content/themes/drbastaninejad-theme/inc/i18n.php on line 127
[14-Aug-2026 12:29:19 UTC] PHP Fatal error:  Cannot redeclare __t() (previously declared in /home/drbastaninejad/public_html/wp-content/mu-plugins/drb-localization/bootstrap.php:41) in /home/drbastaninejad/public_html/wp-content/themes/drbastaninejad-theme/inc/i18n.php on line 127
[14-Aug-2026 12:29:29 UTC] PHP Fatal error:  Cannot redeclare __t() (previously declared in /home/drbastaninejad/public_html/wp-content/mu-plugins/drb-localization/bootstrap.php:41) in /home/drbastaninejad/public_html/wp-content/themes/drbastaninejad-theme/inc/i18n.php on line 127
[14-Aug-2026 12:29:40 UTC] PHP Fatal error:  Cannot redeclare __t() (previously declared in /home/drbastaninejad/public_html/wp-content/mu-plugins/drb-localization/bootstrap.php:41) in /home/drbastaninejad/public_html/wp-content/themes/drbastaninejad-theme/inc/i18n.php on line 127
[14-Aug-2026 12:29:47 UTC] PHP Fatal error:  Cannot redeclare __t() (previously declared in /home/drbastaninejad/public_html/wp-content/mu-plugins/drb-localization/bootstrap.php:41) in /home/drbastaninejad/public_html/wp-content/themes/drbastaninejad-theme/inc/i18n.php on line 127
[14-Aug-2026 12:29:50 UTC] PHP Fatal error:  Cannot redeclare __t() (previously declared in /home/drbastaninejad/public_html/wp-content/mu-plugins/drb-localization/bootstrap.php:41) in /home/drbastaninejad/public_html/wp-content/themes/drbastaninejad-theme/inc/i18n.php on line 127
[14-Aug-2026 12:30:01 UTC] PHP Fatal error:  Cannot redeclare __t() (previously declared in /home/drbastaninejad/public_html/wp-content/mu-plugins/drb-localization/bootstrap.php:41) in /home/drbastaninejad/public_html/wp-content/themes/drbastaninejad-theme/inc/i18n.php on line 127
[14-Aug-2026 12:30:11 UTC] PHP Fatal error:  Cannot redeclare __t() (previously declared in /home/drbastaninejad/public_html/wp-content/mu-plugins/drb-localization/bootstrap.php:41) in /home/drbastaninejad/public_html/wp-content/themes/drbastaninejad-theme/inc/i18n.php on line 127
[14-Aug-2026 12:30:22 UTC] PHP Fatal error:  Cannot redeclare __t() (previously declared in /home/drbastaninejad/public_html/wp-content/mu-plugins/drb-localization/bootstrap.php:41) in /home/drbastaninejad/public_html/wp-content/themes/drbastaninejad-theme/inc/i18n.php on line 127
[14-Aug-2026 12:30:32 UTC] PHP Fatal error:  Cannot redeclare __t() (previously declared in /home/drbastaninejad/public_html/wp-content/mu-plugins/drb-localization/bootstrap.php:41) in /home/drbastaninejad/public_html/wp-content/themes/drbastaninejad-theme/inc/i18n.php on line 127
[14-Aug-2026 12:30:43 UTC] PHP Fatal error:  Cannot redeclare __t() (previously declared in /home/drbastaninejad/public_html/wp-content/mu-plugins/drb-localization/bootstrap.php:41) in /home/drbastaninejad/public_html/wp-content/themes/drbastaninejad-theme/inc/i18n.php on line 127
[14-Aug-2026 12:30:47 UTC] PHP Fatal error:  Cannot redeclare __t() (previously declared in /home/drbastaninejad/public_html/wp-content/mu-plugins/drb-localization/bootstrap.php:41) in /home/drbastaninejad/public_html/wp-content/themes/drbastaninejad-theme/inc/i18n.php on line 127
[14-Aug-2026 12:30:50 UTC] PHP Fatal error:  Cannot redeclare __t() (previously declared in /home/drbastaninejad/public_html/wp-content/mu-plugins/drb-localization/bootstrap.php:41) in /home/drbastaninejad/public_html/wp-content/themes/drbastaninejad-theme/inc/i18n.php on line 127
[14-Aug-2026 12:30:53 UTC] PHP Fatal error:  Cannot redeclare __t() (previously declared in /home/drbastaninejad/public_html/wp-content/mu-plugins/drb-localization/bootstrap.php:41) in /home/drbastaninejad/public_html/wp-content/themes/drbastaninejad-theme/inc/i18n.php on line 127
[14-Aug-2026 12:31:04 UTC] PHP Fatal error:  Cannot redeclare __t() (previously declared in /home/drbastaninejad/public_html/wp-content/mu-plugins/drb-localization/bootstrap.php:41) in /home/drbastaninejad/public_html/wp-content/themes/drbastaninejad-theme/inc/i18n.php on line 127
[14-Aug-2026 13:23:36 UTC] [DRB booking] Dashboard request failed: cURL error 60: SSL: no alternative certificate subject name matches target host name 'dashboard.drbastaninejad.com'
[14-Aug-2026 13:23:42 UTC] [DRB booking] Dashboard request failed: cURL error 60: SSL: no alternative certificate subject name matches target host name 'dashboard.drbastaninejad.com'
[14-Aug-2026 13:24:15 UTC] [DRB booking] Dashboard request failed: cURL error 60: SSL: no alternative certificate subject name matches target host name 'dashboard.drbastaninejad.com'
[14-Aug-2026 13:24:18 UTC] [DRB booking] Dashboard request failed: cURL error 60: SSL: no alternative certificate subject name matches target host name 'dashboard.drbastaninejad.com'
[14-Aug-2026 13:24:26 UTC] [DRB booking] Dashboard request failed: cURL error 60: SSL: no alternative certificate subject name matches target host name 'dashboard.drbastaninejad.com'
[14-Aug-2026 13:44:24 UTC] [DRB booking] Dashboard request failed: cURL error 60: SSL: no alternative certificate subject name matches target host name 'dashboard.drbastaninejad.com'
[14-Aug-2026 13:44:41 UTC] [DRB booking] Dashboard request failed: cURL error 60: SSL: no alternative certificate subject name matches target host name 'dashboard.drbastaninejad.com'
[14-Aug-2026 14:29:04 UTC] [DRB booking] Dashboard request failed: cURL error 60: SSL: no alternative certificate subject name matches target host name 'dashboard.drbastaninejad.com'
[14-Aug-2026 14:29:23 UTC] [DRB booking] Dashboard request failed: cURL error 60: SSL: no alternative certificate subject name matches target host name 'dashboard.drbastaninejad.com'
[14-Aug-2026 14:35:53 UTC] [DRB booking] Dashboard request failed: cURL error 60: SSL: no alternative certificate subject name matches target host name 'dashboard.drbastaninejad.com'
[14-Aug-2026 16:07:06 UTC] PHP Fatal error:  Uncaught TypeError: Cannot access offset of type string on string in /home/drbastaninejad/public_html/wp-content/plugins/seo-by-rank-math/includes/modules/schema/class-frontend.php:73
Stack trace:
#0 [internal function]: RankMath\Schema\Frontend->RankMath\Schema\{closure}('a:7:{s:8:"metad...')
#1 /home/drbastaninejad/public_html/wp-content/plugins/seo-by-rank-math/includes/modules/schema/class-frontend.php(70): array_filter(Array, Object(Closure))
#2 /home/drbastaninejad/public_html/wp-includes/class-wp-hook.php(341): RankMath\Schema\Frontend->add_schema(Array, Object(RankMath\Schema\JsonLD))
#3 /home/drbastaninejad/public_html/wp-includes/plugin.php(256): WP_Hook->apply_filters(Array, Array)
#4 /home/drbastaninejad/public_html/wp-content/plugins/seo-by-rank-math/includes/traits/class-hooker.php(106): apply_filters_ref_array('rank_math/json_...', Array)
#5 /home/drbastaninejad/public_html/wp-content/plugins/seo-by-rank-math/includes/modules/schema/class-jsonld.php(149): RankMath\Schema\JsonLD->do_filter('json_ld', Array, Object(RankMath\Schema\JsonLD))
#6 /home/drbastaninejad/public_html/wp-includes/class-wp-hook.php(341): RankMath\Schema\JsonLD->json_ld()
#7 /home/drbastaninejad/public_html/wp-includes/class-wp-hook.php(365): WP_Hook->apply_filters(NULL, Array)
#8 /home/drbastaninejad/public_html/wp-includes/plugin.php(570): WP_Hook->do_action(Array)
#9 /home/drbastaninejad/public_html/wp-content/plugins/seo-by-rank-math/includes/traits/class-hooker.php(90): do_action_ref_array('rank_math/head', Array)
#10 /home/drbastaninejad/public_html/wp-content/plugins/seo-by-rank-math/includes/frontend/class-head.php(189): RankMath\Frontend\Head->do_action('head')
#11 /home/drbastaninejad/public_html/wp-includes/class-wp-hook.php(341): RankMath\Frontend\Head->head('')
#12 /home/drbastaninejad/public_html/wp-includes/class-wp-hook.php(365): WP_Hook->apply_filters(NULL, Array)
#13 /home/drbastaninejad/public_html/wp-includes/plugin.php(522): WP_Hook->do_action(Array)
#14 /home/drbastaninejad/public_html/wp-includes/general-template.php(3208): do_action('wp_head')
#15 /home/drbastaninejad/public_html/wp-content/themes/drbastaninejad-theme/header.php(6): wp_head()
#16 /home/drbastaninejad/public_html/wp-includes/template.php(814): require_once('/home/drbastani...')
#17 /home/drbastaninejad/public_html/wp-includes/template.php(749): load_template('/home/drbastani...', true, Array)
#18 /home/drbastaninejad/public_html/wp-includes/general-template.php(48): locate_template(Array, true, true, Array)
#19 /home/drbastaninejad/public_html/wp-content/themes/drbastaninejad-theme/page.php(3): get_header()
#20 /home/drbastaninejad/public_html/wp-includes/template-loader.php(132): include('/home/drbastani...')
#21 /home/drbastaninejad/public_html/wp-blog-header.php(19): require_once('/home/drbastani...')
#22 /home/drbastaninejad/public_html/index.php(17): require('/home/drbastani...')
#23 {main}
  thrown in /home/drbastaninejad/public_html/wp-content/plugins/seo-by-rank-math/includes/modules/schema/class-frontend.php on line 73
[14-Aug-2026 16:18:33 UTC] [DRB booking] Dashboard request failed: cURL error 60: SSL: no alternative certificate subject name matches target host name 'dashboard.drbastaninejad.com'
[14-Aug-2026 16:42:47 UTC] [DRB booking] Dashboard request failed: cURL error 60: SSL: no alternative certificate subject name matches target host name 'dashboard.drbastaninejad.com'
[14-Aug-2026 16:45:30 UTC] [DRB booking] Dashboard request failed: cURL error 60: SSL: no alternative certificate subject name matches target host name 'dashboard.drbastaninejad.com'
[14-Aug-2026 16:45:41 UTC] [DRB booking] Dashboard request failed: cURL error 60: SSL: no alternative certificate subject name matches target host name 'dashboard.drbastaninejad.com'
[14-Aug-2026 16:46:04 UTC] [DRB booking] Dashboard request failed: cURL error 60: SSL: no alternative certificate subject name matches target host name 'dashboard.drbastaninejad.com'
[14-Aug-2026 16:46:13 UTC] [DRB booking] Dashboard request failed: cURL error 60: SSL: no alternative certificate subject name matches target host name 'dashboard.drbastaninejad.com'
[14-Aug-2026 17:16:08 UTC] [DRB booking] Dashboard request failed: cURL error 60: SSL: no alternative certificate subject name matches target host name 'dashboard.drbastaninejad.com'
[14-Aug-2026 17:16:15 UTC] [DRB booking] Dashboard request failed: cURL error 60: SSL: no alternative certificate subject name matches target host name 'dashboard.drbastaninejad.com'
[14-Aug-2026 17:16:31 UTC] [DRB booking] Dashboard request failed: cURL error 60: SSL: no alternative certificate subject name matches target host name 'dashboard.drbastaninejad.com'
[14-Aug-2026 17:17:41 UTC] [DRB booking] Dashboard request failed: cURL error 60: SSL: no alternative certificate subject name matches target host name 'dashboard.drbastaninejad.com'
[14-Aug-2026 17:38:19 UTC] PHP Fatal error:  Uncaught TypeError: Cannot access offset of type string on string in /home/drbastaninejad/public_html/wp-content/plugins/seo-by-rank-math/includes/modules/schema/class-frontend.php:73
Stack trace:
#0 [internal function]: RankMath\Schema\Frontend->RankMath\Schema\{closure}('a:7:{s:8:"metad...')
#1 /home/drbastaninejad/public_html/wp-content/plugins/seo-by-rank-math/includes/modules/schema/class-frontend.php(70): array_filter(Array, Object(Closure))
#2 /home/drbastaninejad/public_html/wp-includes/class-wp-hook.php(341): RankMath\Schema\Frontend->add_schema(Array, Object(RankMath\Schema\JsonLD))
#3 /home/drbastaninejad/public_html/wp-includes/plugin.php(256): WP_Hook->apply_filters(Array, Array)
#4 /home/drbastaninejad/public_html/wp-content/plugins/seo-by-rank-math/includes/traits/class-hooker.php(106): apply_filters_ref_array('rank_math/json_...', Array)
#5 /home/drbastaninejad/public_html/wp-content/plugins/seo-by-rank-math/includes/modules/schema/class-jsonld.php(149): RankMath\Schema\JsonLD->do_filter('json_ld', Array, Object(RankMath\Schema\JsonLD))
#6 /home/drbastaninejad/public_html/wp-includes/class-wp-hook.php(341): RankMath\Schema\JsonLD->json_ld()
#7 /home/drbastaninejad/public_html/wp-includes/class-wp-hook.php(365): WP_Hook->apply_filters(NULL, Array)
#8 /home/drbastaninejad/public_html/wp-includes/plugin.php(570): WP_Hook->do_action(Array)
#9 /home/drbastaninejad/public_html/wp-content/plugins/seo-by-rank-math/includes/traits/class-hooker.php(90): do_action_ref_array('rank_math/head', Array)
#10 /home/drbastaninejad/public_html/wp-content/plugins/seo-by-rank-math/includes/frontend/class-head.php(189): RankMath\Frontend\Head->do_action('head')
#11 /home/drbastaninejad/public_html/wp-includes/class-wp-hook.php(341): RankMath\Frontend\Head->head('')
#12 /home/drbastaninejad/public_html/wp-includes/class-wp-hook.php(365): WP_Hook->apply_filters(NULL, Array)
#13 /home/drbastaninejad/public_html/wp-includes/plugin.php(522): WP_Hook->do_action(Array)
#14 /home/drbastaninejad/public_html/wp-includes/general-template.php(3208): do_action('wp_head')
#15 /home/drbastaninejad/public_html/wp-content/themes/drbastaninejad-theme/header.php(6): wp_head()
#16 /home/drbastaninejad/public_html/wp-includes/template.php(814): require_once('/home/drbastani...')
#17 /home/drbastaninejad/public_html/wp-includes/template.php(749): load_template('/home/drbastani...', true, Array)
#18 /home/drbastaninejad/public_html/wp-includes/general-template.php(48): locate_template(Array, true, true, Array)
#19 /home/drbastaninejad/public_html/wp-content/themes/drbastaninejad-theme/page.php(1): get_header()
#20 /home/drbastaninejad/public_html/wp-includes/template-loader.php(132): include('/home/drbastani...')
#21 /home/drbastaninejad/public_html/wp-blog-header.php(19): require_once('/home/drbastani...')
#22 /home/drbastaninejad/public_html/index.php(17): require('/home/drbastani...')
#23 {main}
  thrown in /home/drbastaninejad/public_html/wp-content/plugins/seo-by-rank-math/includes/modules/schema/class-frontend.php on line 73
[14-Aug-2026 17:39:09 UTC] PHP Fatal error:  Uncaught TypeError: Cannot access offset of type string on string in /home/drbastaninejad/public_html/wp-content/plugins/seo-by-rank-math/includes/modules/schema/class-frontend.php:73
Stack trace:
#0 [internal function]: RankMath\Schema\Frontend->RankMath\Schema\{closure}('a:7:{s:8:"metad...')
#1 /home/drbastaninejad/public_html/wp-content/plugins/seo-by-rank-math/includes/modules/schema/class-frontend.php(70): array_filter(Array, Object(Closure))
#2 /home/drbastaninejad/public_html/wp-includes/class-wp-hook.php(341): RankMath\Schema\Frontend->add_schema(Array, Object(RankMath\Schema\JsonLD))
#3 /home/drbastaninejad/public_html/wp-includes/plugin.php(256): WP_Hook->apply_filters(Array, Array)
#4 /home/drbastaninejad/public_html/wp-content/plugins/seo-by-rank-math/includes/traits/class-hooker.php(106): apply_filters_ref_array('rank_math/json_...', Array)
#5 /home/drbastaninejad/public_html/wp-content/plugins/seo-by-rank-math/includes/modules/schema/class-jsonld.php(149): RankMath\Schema\JsonLD->do_filter('json_ld', Array, Object(RankMath\Schema\JsonLD))
#6 /home/drbastaninejad/public_html/wp-includes/class-wp-hook.php(341): RankMath\Schema\JsonLD->json_ld()
#7 /home/drbastaninejad/public_html/wp-includes/class-wp-hook.php(365): WP_Hook->apply_filters(NULL, Array)
#8 /home/drbastaninejad/public_html/wp-includes/plugin.php(570): WP_Hook->do_action(Array)
#9 /home/drbastaninejad/public_html/wp-content/plugins/seo-by-rank-math/includes/traits/class-hooker.php(90): do_action_ref_array('rank_math/head', Array)
#10 /home/drbastaninejad/public_html/wp-content/plugins/seo-by-rank-math/includes/frontend/class-head.php(189): RankMath\Frontend\Head->do_action('head')
#11 /home/drbastaninejad/public_html/wp-includes/class-wp-hook.php(341): RankMath\Frontend\Head->head('')
#12 /home/drbastaninejad/public_html/wp-includes/class-wp-hook.php(365): WP_Hook->apply_filters(NULL, Array)
#13 /home/drbastaninejad/public_html/wp-includes/plugin.php(522): WP_Hook->do_action(Array)
#14 /home/drbastaninejad/public_html/wp-includes/general-template.php(3208): do_action('wp_head')
#15 /home/drbastaninejad/public_html/wp-content/themes/drbastaninejad-theme/header.php(6): wp_head()
#16 /home/drbastaninejad/public_html/wp-includes/template.php(814): require_once('/home/drbastani...')
#17 /home/drbastaninejad/public_html/wp-includes/template.php(749): load_template('/home/drbastani...', true, Array)
#18 /home/drbastaninejad/public_html/wp-includes/general-template.php(48): locate_template(Array, true, true, Array)
#19 /home/drbastaninejad/public_html/wp-content/themes/drbastaninejad-theme/page.php(1): get_header()
#20 /home/drbastaninejad/public_html/wp-includes/template-loader.php(132): include('/home/drbastani...')
#21 /home/drbastaninejad/public_html/wp-blog-header.php(19): require_once('/home/drbastani...')
#22 /home/drbastaninejad/public_html/index.php(17): require('/home/drbastani...')
#23 {main}
  thrown in /home/drbastaninejad/public_html/wp-content/plugins/seo-by-rank-math/includes/modules/schema/class-frontend.php on line 73
[14-Aug-2026 17:39:09 UTC] PHP Fatal error:  Uncaught TypeError: Cannot access offset of type string on string in /home/drbastaninejad/public_html/wp-content/plugins/seo-by-rank-math/includes/modules/schema/class-frontend.php:73
Stack trace:
#0 [internal function]: RankMath\Schema\Frontend->RankMath\Schema\{closure}('a:7:{s:8:"metad...')
#1 /home/drbastaninejad/public_html/wp-content/plugins/seo-by-rank-math/includes/modules/schema/class-frontend.php(70): array_filter(Array, Object(Closure))
#2 /home/drbastaninejad/public_html/wp-includes/class-wp-hook.php(341): RankMath\Schema\Frontend->add_schema(Array, Object(RankMath\Schema\JsonLD))
#3 /home/drbastaninejad/public_html/wp-includes/plugin.php(256): WP_Hook->apply_filters(Array, Array)
#4 /home/drbastaninejad/public_html/wp-content/plugins/seo-by-rank-math/includes/traits/class-hooker.php(106): apply_filters_ref_array('rank_math/json_...', Array)
#5 /home/drbastaninejad/public_html/wp-content/plugins/seo-by-rank-math/includes/modules/schema/class-jsonld.php(149): RankMath\Schema\JsonLD->do_filter('json_ld', Array, Object(RankMath\Schema\JsonLD))
#6 /home/drbastaninejad/public_html/wp-includes/class-wp-hook.php(341): RankMath\Schema\JsonLD->json_ld()
#7 /home/drbastaninejad/public_html/wp-includes/class-wp-hook.php(365): WP_Hook->apply_filters(NULL, Array)
#8 /home/drbastaninejad/public_html/wp-includes/plugin.php(570): WP_Hook->do_action(Array)
#9 /home/drbastaninejad/public_html/wp-content/plugins/seo-by-rank-math/includes/traits/class-hooker.php(90): do_action_ref_array('rank_math/head', Array)
#10 /home/drbastaninejad/public_html/wp-content/plugins/seo-by-rank-math/includes/frontend/class-head.php(189): RankMath\Frontend\Head->do_action('head')
#11 /home/drbastaninejad/public_html/wp-includes/class-wp-hook.php(341): RankMath\Frontend\Head->head('')
#12 /home/drbastaninejad/public_html/wp-includes/class-wp-hook.php(365): WP_Hook->apply_filters(NULL, Array)
#13 /home/drbastaninejad/public_html/wp-includes/plugin.php(522): WP_Hook->do_action(Array)
#14 /home/drbastaninejad/public_html/wp-includes/general-template.php(3208): do_action('wp_head')
#15 /home/drbastaninejad/public_html/wp-content/themes/drbastaninejad-theme/header.php(6): wp_head()
#16 /home/drbastaninejad/public_html/wp-includes/template.php(814): require_once('/home/drbastani...')
#17 /home/drbastaninejad/public_html/wp-includes/template.php(749): load_template('/home/drbastani...', true, Array)
#18 /home/drbastaninejad/public_html/wp-includes/general-template.php(48): locate_template(Array, true, true, Array)
#19 /home/drbastaninejad/public_html/wp-content/themes/drbastaninejad-theme/page.php(1): get_header()
#20 /home/drbastaninejad/public_html/wp-includes/template-loader.php(132): include('/home/drbastani...')
#21 /home/drbastaninejad/public_html/wp-blog-header.php(19): require_once('/home/drbastani...')
#22 /home/drbastaninejad/public_html/index.php(17): require('/home/drbastani...')
#23 {main}
  thrown in /home/drbastaninejad/public_html/wp-content/plugins/seo-by-rank-math/includes/modules/schema/class-frontend.php on line 73
[14-Aug-2026 17:39:10 UTC] PHP Fatal error:  Uncaught TypeError: Cannot access offset of type string on string in /home/drbastaninejad/public_html/wp-content/plugins/seo-by-rank-math/includes/modules/schema/class-frontend.php:73
Stack trace:
#0 [internal function]: RankMath\Schema\Frontend->RankMath\Schema\{closure}('a:7:{s:8:"metad...')
#1 /home/drbastaninejad/public_html/wp-content/plugins/seo-by-rank-math/includes/modules/schema/class-frontend.php(70): array_filter(Array, Object(Closure))
#2 /home/drbastaninejad/public_html/wp-includes/class-wp-hook.php(341): RankMath\Schema\Frontend->add_schema(Array, Object(RankMath\Schema\JsonLD))
#3 /home/drbastaninejad/public_html/wp-includes/plugin.php(256): WP_Hook->apply_filters(Array, Array)
#4 /home/drbastaninejad/public_html/wp-content/plugins/seo-by-rank-math/includes/traits/class-hooker.php(106): apply_filters_ref_array('rank_math/json_...', Array)
#5 /home/drbastaninejad/public_html/wp-content/plugins/seo-by-rank-math/includes/modules/schema/class-jsonld.php(149): RankMath\Schema\JsonLD->do_filter('json_ld', Array, Object(RankMath\Schema\JsonLD))
#6 /home/drbastaninejad/public_html/wp-includes/class-wp-hook.php(341): RankMath\Schema\JsonLD->json_ld()
#7 /home/drbastaninejad/public_html/wp-includes/class-wp-hook.php(365): WP_Hook->apply_filters(NULL, Array)
#8 /home/drbastaninejad/public_html/wp-includes/plugin.php(570): WP_Hook->do_action(Array)
#9 /home/drbastaninejad/public_html/wp-content/plugins/seo-by-rank-math/includes/traits/class-hooker.php(90): do_action_ref_array('rank_math/head', Array)
#10 /home/drbastaninejad/public_html/wp-content/plugins/seo-by-rank-math/includes/frontend/class-head.php(189): RankMath\Frontend\Head->do_action('head')
#11 /home/drbastaninejad/public_html/wp-includes/class-wp-hook.php(341): RankMath\Frontend\Head->head('')
#12 /home/drbastaninejad/public_html/wp-includes/class-wp-hook.php(365): WP_Hook->apply_filters(NULL, Array)
#13 /home/drbastaninejad/public_html/wp-includes/plugin.php(522): WP_Hook->do_action(Array)
#14 /home/drbastaninejad/public_html/wp-includes/general-template.php(3208): do_action('wp_head')
#15 /home/drbastaninejad/public_html/wp-content/themes/drbastaninejad-theme/header.php(6): wp_head()
#16 /home/drbastaninejad/public_html/wp-includes/template.php(814): require_once('/home/drbastani...')
#17 /home/drbastaninejad/public_html/wp-includes/template.php(749): load_template('/home/drbastani...', true, Array)
#18 /home/drbastaninejad/public_html/wp-includes/general-template.php(48): locate_template(Array, true, true, Array)
#19 /home/drbastaninejad/public_html/wp-content/themes/drbastaninejad-theme/page.php(1): get_header()
#20 /home/drbastaninejad/public_html/wp-includes/template-loader.php(132): include('/home/drbastani...')
#21 /home/drbastaninejad/public_html/wp-blog-header.php(19): require_once('/home/drbastani...')
#22 /home/drbastaninejad/public_html/index.php(17): require('/home/drbastani...')
#23 {main}
  thrown in /home/drbastaninejad/public_html/wp-content/plugins/seo-by-rank-math/includes/modules/schema/class-frontend.php on line 73
[14-Aug-2026 17:39:12 UTC] PHP Fatal error:  Uncaught TypeError: Cannot access offset of type string on string in /home/drbastaninejad/public_html/wp-content/plugins/seo-by-rank-math/includes/modules/schema/class-frontend.php:73
Stack trace:
#0 [internal function]: RankMath\Schema\Frontend->RankMath\Schema\{closure}('a:7:{s:8:"metad...')
#1 /home/drbastaninejad/public_html/wp-content/plugins/seo-by-rank-math/includes/modules/schema/class-frontend.php(70): array_filter(Array, Object(Closure))
#2 /home/drbastaninejad/public_html/wp-includes/class-wp-hook.php(341): RankMath\Schema\Frontend->add_schema(Array, Object(RankMath\Schema\JsonLD))
#3 /home/drbastaninejad/public_html/wp-includes/plugin.php(256): WP_Hook->apply_filters(Array, Array)
#4 /home/drbastaninejad/public_html/wp-content/plugins/seo-by-rank-math/includes/traits/class-hooker.php(106): apply_filters_ref_array('rank_math/json_...', Array)
#5 /home/drbastaninejad/public_html/wp-content/plugins/seo-by-rank-math/includes/modules/schema/class-jsonld.php(149): RankMath\Schema\JsonLD->do_filter('json_ld', Array, Object(RankMath\Schema\JsonLD))
#6 /home/drbastaninejad/public_html/wp-includes/class-wp-hook.php(341): RankMath\Schema\JsonLD->json_ld()
#7 /home/drbastaninejad/public_html/wp-includes/class-wp-hook.php(365): WP_Hook->apply_filters(NULL, Array)
#8 /home/drbastaninejad/public_html/wp-includes/plugin.php(570): WP_Hook->do_action(Array)
#9 /home/drbastaninejad/public_html/wp-content/plugins/seo-by-rank-math/includes/traits/class-hooker.php(90): do_action_ref_array('rank_math/head', Array)
#10 /home/drbastaninejad/public_html/wp-content/plugins/seo-by-rank-math/includes/frontend/class-head.php(189): RankMath\Frontend\Head->do_action('head')
#11 /home/drbastaninejad/public_html/wp-includes/class-wp-hook.php(341): RankMath\Frontend\Head->head('')
#12 /home/drbastaninejad/public_html/wp-includes/class-wp-hook.php(365): WP_Hook->apply_filters(NULL, Array)
#13 /home/drbastaninejad/public_html/wp-includes/plugin.php(522): WP_Hook->do_action(Array)
#14 /home/drbastaninejad/public_html/wp-includes/general-template.php(3208): do_action('wp_head')
#15 /home/drbastaninejad/public_html/wp-content/themes/drbastaninejad-theme/header.php(6): wp_head()
#16 /home/drbastaninejad/public_html/wp-includes/template.php(814): require_once('/home/drbastani...')
#17 /home/drbastaninejad/public_html/wp-includes/template.php(749): load_template('/home/drbastani...', true, Array)
#18 /home/drbastaninejad/public_html/wp-includes/general-template.php(48): locate_template(Array, true, true, Array)
#19 /home/drbastaninejad/public_html/wp-content/themes/drbastaninejad-theme/page.php(1): get_header()
#20 /home/drbastaninejad/public_html/wp-includes/template-loader.php(132): include('/home/drbastani...')
#21 /home/drbastaninejad/public_html/wp-blog-header.php(19): require_once('/home/drbastani...')
#22 /home/drbastaninejad/public_html/index.php(17): require('/home/drbastani...')
#23 {main}
  thrown in /home/drbastaninejad/public_html/wp-content/plugins/seo-by-rank-math/includes/modules/schema/class-frontend.php on line 73
[14-Aug-2026 17:39:13 UTC] PHP Fatal error:  Uncaught TypeError: Cannot access offset of type string on string in /home/drbastaninejad/public_html/wp-content/plugins/seo-by-rank-math/includes/modules/schema/class-frontend.php:73
Stack trace:
#0 [internal function]: RankMath\Schema\Frontend->RankMath\Schema\{closure}('a:7:{s:8:"metad...')
#1 /home/drbastaninejad/public_html/wp-content/plugins/seo-by-rank-math/includes/modules/schema/class-frontend.php(70): array_filter(Array, Object(Closure))
#2 /home/drbastaninejad/public_html/wp-includes/class-wp-hook.php(341): RankMath\Schema\Frontend->add_schema(Array, Object(RankMath\Schema\JsonLD))
#3 /home/drbastaninejad/public_html/wp-includes/plugin.php(256): WP_Hook->apply_filters(Array, Array)
#4 /home/drbastaninejad/public_html/wp-content/plugins/seo-by-rank-math/includes/traits/class-hooker.php(106): apply_filters_ref_array('rank_math/json_...', Array)
#5 /home/drbastaninejad/public_html/wp-content/plugins/seo-by-rank-math/includes/modules/schema/class-jsonld.php(149): RankMath\Schema\JsonLD->do_filter('json_ld', Array, Object(RankMath\Schema\JsonLD))
#6 /home/drbastaninejad/public_html/wp-includes/class-wp-hook.php(341): RankMath\Schema\JsonLD->json_ld()
#7 /home/drbastaninejad/public_html/wp-includes/class-wp-hook.php(365): WP_Hook->apply_filters(NULL, Array)
#8 /home/drbastaninejad/public_html/wp-includes/plugin.php(570): WP_Hook->do_action(Array)
#9 /home/drbastaninejad/public_html/wp-content/plugins/seo-by-rank-math/includes/traits/class-hooker.php(90): do_action_ref_array('rank_math/head', Array)
#10 /home/drbastaninejad/public_html/wp-content/plugins/seo-by-rank-math/includes/frontend/class-head.php(189): RankMath\Frontend\Head->do_action('head')
#11 /home/drbastaninejad/public_html/wp-includes/class-wp-hook.php(341): RankMath\Frontend\Head->head('')
#12 /home/drbastaninejad/public_html/wp-includes/class-wp-hook.php(365): WP_Hook->apply_filters(NULL, Array)
#13 /home/drbastaninejad/public_html/wp-includes/plugin.php(522): WP_Hook->do_action(Array)
#14 /home/drbastaninejad/public_html/wp-includes/general-template.php(3208): do_action('wp_head')
#15 /home/drbastaninejad/public_html/wp-content/themes/drbastaninejad-theme/header.php(6): wp_head()
#16 /home/drbastaninejad/public_html/wp-includes/template.php(814): require_once('/home/drbastani...')
#17 /home/drbastaninejad/public_html/wp-includes/template.php(749): load_template('/home/drbastani...', true, Array)
#18 /home/drbastaninejad/public_html/wp-includes/general-template.php(48): locate_template(Array, true, true, Array)
#19 /home/drbastaninejad/public_html/wp-content/themes/drbastaninejad-theme/page.php(1): get_header()
#20 /home/drbastaninejad/public_html/wp-includes/template-loader.php(132): include('/home/drbastani...')
#21 /home/drbastaninejad/public_html/wp-blog-header.php(19): require_once('/home/drbastani...')
#22 /home/drbastaninejad/public_html/index.php(17): require('/home/drbastani...')
#23 {main}
  thrown in /home/drbastaninejad/public_html/wp-content/plugins/seo-by-rank-math/includes/modules/schema/class-frontend.php on line 73
[14-Aug-2026 17:39:14 UTC] PHP Fatal error:  Uncaught TypeError: Cannot access offset of type string on string in /home/drbastaninejad/public_html/wp-content/plugins/seo-by-rank-math/includes/modules/schema/class-frontend.php:73
Stack trace:
#0 [internal function]: RankMath\Schema\Frontend->RankMath\Schema\{closure}('a:7:{s:8:"metad...')
#1 /home/drbastaninejad/public_html/wp-content/plugins/seo-by-rank-math/includes/modules/schema/class-frontend.php(70): array_filter(Array, Object(Closure))
#2 /home/drbastaninejad/public_html/wp-includes/class-wp-hook.php(341): RankMath\Schema\Frontend->add_schema(Array, Object(RankMath\Schema\JsonLD))
#3 /home/drbastaninejad/public_html/wp-includes/plugin.php(256): WP_Hook->apply_filters(Array, Array)
#4 /home/drbastaninejad/public_html/wp-content/plugins/seo-by-rank-math/includes/traits/class-hooker.php(106): apply_filters_ref_array('rank_math/json_...', Array)
#5 /home/drbastaninejad/public_html/wp-content/plugins/seo-by-rank-math/includes/modules/schema/class-jsonld.php(149): RankMath\Schema\JsonLD->do_filter('json_ld', Array, Object(RankMath\Schema\JsonLD))
#6 /home/drbastaninejad/public_html/wp-includes/class-wp-hook.php(341): RankMath\Schema\JsonLD->json_ld()
#7 /home/drbastaninejad/public_html/wp-includes/class-wp-hook.php(365): WP_Hook->apply_filters(NULL, Array)
#8 /home/drbastaninejad/public_html/wp-includes/plugin.php(570): WP_Hook->do_action(Array)
#9 /home/drbastaninejad/public_html/wp-content/plugins/seo-by-rank-math/includes/traits/class-hooker.php(90): do_action_ref_array('rank_math/head', Array)
#10 /home/drbastaninejad/public_html/wp-content/plugins/seo-by-rank-math/includes/frontend/class-head.php(189): RankMath\Frontend\Head->do_action('head')
#11 /home/drbastaninejad/public_html/wp-includes/class-wp-hook.php(341): RankMath\Frontend\Head->head('')
#12 /home/drbastaninejad/public_html/wp-includes/class-wp-hook.php(365): WP_Hook->apply_filters(NULL, Array)
#13 /home/drbastaninejad/public_html/wp-includes/plugin.php(522): WP_Hook->do_action(Array)
#14 /home/drbastaninejad/public_html/wp-includes/general-template.php(3208): do_action('wp_head')
#15 /home/drbastaninejad/public_html/wp-content/themes/drbastaninejad-theme/header.php(6): wp_head()
#16 /home/drbastaninejad/public_html/wp-includes/template.php(814): require_once('/home/drbastani...')
#17 /home/drbastaninejad/public_html/wp-includes/template.php(749): load_template('/home/drbastani...', true, Array)
#18 /home/drbastaninejad/public_html/wp-includes/general-template.php(48): locate_template(Array, true, true, Array)
#19 /home/drbastaninejad/public_html/wp-content/themes/drbastaninejad-theme/page.php(1): get_header()
#20 /home/drbastaninejad/public_html/wp-includes/template-loader.php(132): include('/home/drbastani...')
#21 /home/drbastaninejad/public_html/wp-blog-header.php(19): require_once('/home/drbastani...')
#22 /home/drbastaninejad/public_html/index.php(17): require('/home/drbastani...')
#23 {main}
  thrown in /home/drbastaninejad/public_html/wp-content/plugins/seo-by-rank-math/includes/modules/schema/class-frontend.php on line 73
[14-Aug-2026 17:39:14 UTC] PHP Fatal error:  Uncaught TypeError: Cannot access offset of type string on string in /home/drbastaninejad/public_html/wp-content/plugins/seo-by-rank-math/includes/modules/schema/class-frontend.php:73
Stack trace:
#0 [internal function]: RankMath\Schema\Frontend->RankMath\Schema\{closure}('a:7:{s:8:"metad...')
#1 /home/drbastaninejad/public_html/wp-content/plugins/seo-by-rank-math/includes/modules/schema/class-frontend.php(70): array_filter(Array, Object(Closure))
#2 /home/drbastaninejad/public_html/wp-includes/class-wp-hook.php(341): RankMath\Schema\Frontend->add_schema(Array, Object(RankMath\Schema\JsonLD))
#3 /home/drbastaninejad/public_html/wp-includes/plugin.php(256): WP_Hook->apply_filters(Array, Array)
#4 /home/drbastaninejad/public_html/wp-content/plugins/seo-by-rank-math/includes/traits/class-hooker.php(106): apply_filters_ref_array('rank_math/json_...', Array)
#5 /home/drbastaninejad/public_html/wp-content/plugins/seo-by-rank-math/includes/modules/schema/class-jsonld.php(149): RankMath\Schema\JsonLD->do_filter('json_ld', Array, Object(RankMath\Schema\JsonLD))
#6 /home/drbastaninejad/public_html/wp-includes/class-wp-hook.php(341): RankMath\Schema\JsonLD->json_ld()
#7 /home/drbastaninejad/public_html/wp-includes/class-wp-hook.php(365): WP_Hook->apply_filters(NULL, Array)
#8 /home/drbastaninejad/public_html/wp-includes/plugin.php(570): WP_Hook->do_action(Array)
#9 /home/drbastaninejad/public_html/wp-content/plugins/seo-by-rank-math/includes/traits/class-hooker.php(90): do_action_ref_array('rank_math/head', Array)
#10 /home/drbastaninejad/public_html/wp-content/plugins/seo-by-rank-math/includes/frontend/class-head.php(189): RankMath\Frontend\Head->do_action('head')
#11 /home/drbastaninejad/public_html/wp-includes/class-wp-hook.php(341): RankMath\Frontend\Head->head('')
#12 /home/drbastaninejad/public_html/wp-includes/class-wp-hook.php(365): WP_Hook->apply_filters(NULL, Array)
#13 /home/drbastaninejad/public_html/wp-includes/plugin.php(522): WP_Hook->do_action(Array)
#14 /home/drbastaninejad/public_html/wp-includes/general-template.php(3208): do_action('wp_head')
#15 /home/drbastaninejad/public_html/wp-content/themes/drbastaninejad-theme/header.php(6): wp_head()
#16 /home/drbastaninejad/public_html/wp-includes/template.php(814): require_once('/home/drbastani...')
#17 /home/drbastaninejad/public_html/wp-includes/template.php(749): load_template('/home/drbastani...', true, Array)
#18 /home/drbastaninejad/public_html/wp-includes/general-template.php(48): locate_template(Array, true, true, Array)
#19 /home/drbastaninejad/public_html/wp-content/themes/drbastaninejad-theme/page.php(1): get_header()
#20 /home/drbastaninejad/public_html/wp-includes/template-loader.php(132): include('/home/drbastani...')
#21 /home/drbastaninejad/public_html/wp-blog-header.php(19): require_once('/home/drbastani...')
#22 /home/drbastaninejad/public_html/index.php(17): require('/home/drbastani...')
#23 {main}
  thrown in /home/drbastaninejad/public_html/wp-content/plugins/seo-by-rank-math/includes/modules/schema/class-frontend.php on line 73
[14-Aug-2026 17:39:15 UTC] PHP Fatal error:  Uncaught TypeError: Cannot access offset of type string on string in /home/drbastaninejad/public_html/wp-content/plugins/seo-by-rank-math/includes/modules/schema/class-frontend.php:73
Stack trace:
#0 [internal function]: RankMath\Schema\Frontend->RankMath\Schema\{closure}('a:7:{s:8:"metad...')
#1 /home/drbastaninejad/public_html/wp-content/plugins/seo-by-rank-math/includes/modules/schema/class-frontend.php(70): array_filter(Array, Object(Closure))
#2 /home/drbastaninejad/public_html/wp-includes/class-wp-hook.php(341): RankMath\Schema\Frontend->add_schema(Array, Object(RankMath\Schema\JsonLD))
#3 /home/drbastaninejad/public_html/wp-includes/plugin.php(256): WP_Hook->apply_filters(Array, Array)
#4 /home/drbastaninejad/public_html/wp-content/plugins/seo-by-rank-math/includes/traits/class-hooker.php(106): apply_filters_ref_array('rank_math/json_...', Array)
#5 /home/drbastaninejad/public_html/wp-content/plugins/seo-by-rank-math/includes/modules/schema/class-jsonld.php(149): RankMath\Schema\JsonLD->do_filter('json_ld', Array, Object(RankMath\Schema\JsonLD))
#6 /home/drbastaninejad/public_html/wp-includes/class-wp-hook.php(341): RankMath\Schema\JsonLD->json_ld()
#7 /home/drbastaninejad/public_html/wp-includes/class-wp-hook.php(365): WP_Hook->apply_filters(NULL, Array)
#8 /home/drbastaninejad/public_html/wp-includes/plugin.php(570): WP_Hook->do_action(Array)
#9 /home/drbastaninejad/public_html/wp-content/plugins/seo-by-rank-math/includes/traits/class-hooker.php(90): do_action_ref_array('rank_math/head', Array)
#10 /home/drbastaninejad/public_html/wp-content/plugins/seo-by-rank-math/includes/frontend/class-head.php(189): RankMath\Frontend\Head->do_action('head')
#11 /home/drbastaninejad/public_html/wp-includes/class-wp-hook.php(341): RankMath\Frontend\Head->head('')
#12 /home/drbastaninejad/public_html/wp-includes/class-wp-hook.php(365): WP_Hook->apply_filters(NULL, Array)
#13 /home/drbastaninejad/public_html/wp-includes/plugin.php(522): WP_Hook->do_action(Array)
#14 /home/drbastaninejad/public_html/wp-includes/general-template.php(3208): do_action('wp_head')
#15 /home/drbastaninejad/public_html/wp-content/themes/drbastaninejad-theme/header.php(6): wp_head()
#16 /home/drbastaninejad/public_html/wp-includes/template.php(814): require_once('/home/drbastani...')
#17 /home/drbastaninejad/public_html/wp-includes/template.php(749): load_template('/home/drbastani...', true, Array)
#18 /home/drbastaninejad/public_html/wp-includes/general-template.php(48): locate_template(Array, true, true, Array)
#19 /home/drbastaninejad/public_html/wp-content/themes/drbastaninejad-theme/page.php(1): get_header()
#20 /home/drbastaninejad/public_html/wp-includes/template-loader.php(132): include('/home/drbastani...')
#21 /home/drbastaninejad/public_html/wp-blog-header.php(19): require_once('/home/drbastani...')
#22 /home/drbastaninejad/public_html/index.php(17): require('/home/drbastani...')
#23 {main}
  thrown in /home/drbastaninejad/public_html/wp-content/plugins/seo-by-rank-math/includes/modules/schema/class-frontend.php on line 73
[14-Aug-2026 18:09:47 UTC] PHP Fatal error:  Uncaught TypeError: Cannot access offset of type string on string in /home/drbastaninejad/public_html/wp-content/plugins/seo-by-rank-math/includes/modules/schema/class-frontend.php:73
Stack trace:
#0 [internal function]: RankMath\Schema\Frontend->RankMath\Schema\{closure}('a:7:{s:8:"metad...')
#1 /home/drbastaninejad/public_html/wp-content/plugins/seo-by-rank-math/includes/modules/schema/class-frontend.php(70): array_filter(Array, Object(Closure))
#2 /home/drbastaninejad/public_html/wp-includes/class-wp-hook.php(341): RankMath\Schema\Frontend->add_schema(Array, Object(RankMath\Schema\JsonLD))
#3 /home/drbastaninejad/public_html/wp-includes/plugin.php(256): WP_Hook->apply_filters(Array, Array)
#4 /home/drbastaninejad/public_html/wp-content/plugins/seo-by-rank-math/includes/traits/class-hooker.php(106): apply_filters_ref_array('rank_math/json_...', Array)
#5 /home/drbastaninejad/public_html/wp-content/plugins/seo-by-rank-math/includes/modules/schema/class-jsonld.php(149): RankMath\Schema\JsonLD->do_filter('json_ld', Array, Object(RankMath\Schema\JsonLD))
#6 /home/drbastaninejad/public_html/wp-includes/class-wp-hook.php(341): RankMath\Schema\JsonLD->json_ld()
#7 /home/drbastaninejad/public_html/wp-includes/class-wp-hook.php(365): WP_Hook->apply_filters(NULL, Array)
#8 /home/drbastaninejad/public_html/wp-includes/plugin.php(570): WP_Hook->do_action(Array)
#9 /home/drbastaninejad/public_html/wp-content/plugins/seo-by-rank-math/includes/traits/class-hooker.php(90): do_action_ref_array('rank_math/head', Array)
#10 /home/drbastaninejad/public_html/wp-content/plugins/seo-by-rank-math/includes/frontend/class-head.php(189): RankMath\Frontend\Head->do_action('head')
#11 /home/drbastaninejad/public_html/wp-includes/class-wp-hook.php(341): RankMath\Frontend\Head->head('')
#12 /home/drbastaninejad/public_html/wp-includes/class-wp-hook.php(365): WP_Hook->apply_filters(NULL, Array)
#13 /home/drbastaninejad/public_html/wp-includes/plugin.php(522): WP_Hook->do_action(Array)
#14 /home/drbastaninejad/public_html/wp-includes/general-template.php(3208): do_action('wp_head')
#15 /home/drbastaninejad/public_html/wp-content/themes/drbastaninejad-theme/header.php(6): wp_head()
#16 /home/drbastaninejad/public_html/wp-includes/template.php(814): require_once('/home/drbastani...')
#17 /home/drbastaninejad/public_html/wp-includes/template.php(749): load_template('/home/drbastani...', true, Array)
#18 /home/drbastaninejad/public_html/wp-includes/general-template.php(48): locate_template(Array, true, true, Array)
#19 /home/drbastaninejad/public_html/wp-content/themes/drbastaninejad-theme/page.php(1): get_header()
#20 /home/drbastaninejad/public_html/wp-includes/template-loader.php(132): include('/home/drbastani...')
#21 /home/drbastaninejad/public_html/wp-blog-header.php(19): require_once('/home/drbastani...')
#22 /home/drbastaninejad/public_html/index.php(17): require('/home/drbastani...')
#23 {main}
  thrown in /home/drbastaninejad/public_html/wp-content/plugins/seo-by-rank-math/includes/modules/schema/class-frontend.php on line 73
[14-Aug-2026 18:14:10 UTC] PHP Fatal error:  Uncaught TypeError: Cannot access offset of type string on string in /home/drbastaninejad/public_html/wp-content/plugins/seo-by-rank-math/includes/modules/schema/class-frontend.php:73
Stack trace:
#0 [internal function]: RankMath\Schema\Frontend->RankMath\Schema\{closure}('a:7:{s:8:"metad...')
#1 /home/drbastaninejad/public_html/wp-content/plugins/seo-by-rank-math/includes/modules/schema/class-frontend.php(70): array_filter(Array, Object(Closure))
#2 /home/drbastaninejad/public_html/wp-includes/class-wp-hook.php(341): RankMath\Schema\Frontend->add_schema(Array, Object(RankMath\Schema\JsonLD))
#3 /home/drbastaninejad/public_html/wp-includes/plugin.php(256): WP_Hook->apply_filters(Array, Array)
#4 /home/drbastaninejad/public_html/wp-content/plugins/seo-by-rank-math/includes/traits/class-hooker.php(106): apply_filters_ref_array('rank_math/json_...', Array)
#5 /home/drbastaninejad/public_html/wp-content/plugins/seo-by-rank-math/includes/modules/schema/class-jsonld.php(149): RankMath\Schema\JsonLD->do_filter('json_ld', Array, Object(RankMath\Schema\JsonLD))
#6 /home/drbastaninejad/public_html/wp-includes/class-wp-hook.php(341): RankMath\Schema\JsonLD->json_ld()
#7 /home/drbastaninejad/public_html/wp-includes/class-wp-hook.php(365): WP_Hook->apply_filters(NULL, Array)
#8 /home/drbastaninejad/public_html/wp-includes/plugin.php(570): WP_Hook->do_action(Array)
#9 /home/drbastaninejad/public_html/wp-content/plugins/seo-by-rank-math/includes/traits/class-hooker.php(90): do_action_ref_array('rank_math/head', Array)
#10 /home/drbastaninejad/public_html/wp-content/plugins/seo-by-rank-math/includes/frontend/class-head.php(189): RankMath\Frontend\Head->do_action('head')
#11 /home/drbastaninejad/public_html/wp-includes/class-wp-hook.php(341): RankMath\Frontend\Head->head('')
#12 /home/drbastaninejad/public_html/wp-includes/class-wp-hook.php(365): WP_Hook->apply_filters(NULL, Array)
#13 /home/drbastaninejad/public_html/wp-includes/plugin.php(522): WP_Hook->do_action(Array)
#14 /home/drbastaninejad/public_html/wp-includes/general-template.php(3208): do_action('wp_head')
#15 /home/drbastaninejad/public_html/wp-content/themes/drbastaninejad-theme/header.php(6): wp_head()
#16 /home/drbastaninejad/public_html/wp-includes/template.php(814): require_once('/home/drbastani...')
#17 /home/drbastaninejad/public_html/wp-includes/template.php(749): load_template('/home/drbastani...', true, Array)
#18 /home/drbastaninejad/public_html/wp-includes/general-template.php(48): locate_template(Array, true, true, Array)
#19 /home/drbastaninejad/public_html/wp-content/themes/drbastaninejad-theme/page.php(1): get_header()
#20 /home/drbastaninejad/public_html/wp-includes/template-loader.php(132): include('/home/drbastani...')
#21 /home/drbastaninejad/public_html/wp-blog-header.php(19): require_once('/home/drbastani...')
#22 /home/drbastaninejad/public_html/index.php(17): require('/home/drbastani...')
#23 {main}
  thrown in /home/drbastaninejad/public_html/wp-content/plugins/seo-by-rank-math/includes/modules/schema/class-frontend.php on line 73
[14-Aug-2026 18:14:11 UTC] PHP Fatal error:  Uncaught TypeError: Cannot access offset of type string on string in /home/drbastaninejad/public_html/wp-content/plugins/seo-by-rank-math/includes/modules/schema/class-frontend.php:73
Stack trace:
#0 [internal function]: RankMath\Schema\Frontend->RankMath\Schema\{closure}('a:7:{s:8:"metad...')
#1 /home/drbastaninejad/public_html/wp-content/plugins/seo-by-rank-math/includes/modules/schema/class-frontend.php(70): array_filter(Array, Object(Closure))
#2 /home/drbastaninejad/public_html/wp-includes/class-wp-hook.php(341): RankMath\Schema\Frontend->add_schema(Array, Object(RankMath\Schema\JsonLD))
#3 /home/drbastaninejad/public_html/wp-includes/plugin.php(256): WP_Hook->apply_filters(Array, Array)
#4 /home/drbastaninejad/public_html/wp-content/plugins/seo-by-rank-math/includes/traits/class-hooker.php(106): apply_filters_ref_array('rank_math/json_...', Array)
#5 /home/drbastaninejad/public_html/wp-content/plugins/seo-by-rank-math/includes/modules/schema/class-jsonld.php(149): RankMath\Schema\JsonLD->do_filter('json_ld', Array, Object(RankMath\Schema\JsonLD))
#6 /home/drbastaninejad/public_html/wp-includes/class-wp-hook.php(341): RankMath\Schema\JsonLD->json_ld()
#7 /home/drbastaninejad/public_html/wp-includes/class-wp-hook.php(365): WP_Hook->apply_filters(NULL, Array)
#8 /home/drbastaninejad/public_html/wp-includes/plugin.php(570): WP_Hook->do_action(Array)
#9 /home/drbastaninejad/public_html/wp-content/plugins/seo-by-rank-math/includes/traits/class-hooker.php(90): do_action_ref_array('rank_math/head', Array)
#10 /home/drbastaninejad/public_html/wp-content/plugins/seo-by-rank-math/includes/frontend/class-head.php(189): RankMath\Frontend\Head->do_action('head')
#11 /home/drbastaninejad/public_html/wp-includes/class-wp-hook.php(341): RankMath\Frontend\Head->head('')
#12 /home/drbastaninejad/public_html/wp-includes/class-wp-hook.php(365): WP_Hook->apply_filters(NULL, Array)
#13 /home/drbastaninejad/public_html/wp-includes/plugin.php(522): WP_Hook->do_action(Array)
#14 /home/drbastaninejad/public_html/wp-includes/general-template.php(3208): do_action('wp_head')
#15 /home/drbastaninejad/public_html/wp-content/themes/drbastaninejad-theme/header.php(6): wp_head()
#16 /home/drbastaninejad/public_html/wp-includes/template.php(814): require_once('/home/drbastani...')
#17 /home/drbastaninejad/public_html/wp-includes/template.php(749): load_template('/home/drbastani...', true, Array)
#18 /home/drbastaninejad/public_html/wp-includes/general-template.php(48): locate_template(Array, true, true, Array)
#19 /home/drbastaninejad/public_html/wp-content/themes/drbastaninejad-theme/page.php(1): get_header()
#20 /home/drbastaninejad/public_html/wp-includes/template-loader.php(132): include('/home/drbastani...')
#21 /home/drbastaninejad/public_html/wp-blog-header.php(19): require_once('/home/drbastani...')
#22 /home/drbastaninejad/public_html/index.php(17): require('/home/drbastani...')
#23 {main}
  thrown in /home/drbastaninejad/public_html/wp-content/plugins/seo-by-rank-math/includes/modules/schema/class-frontend.php on line 73
[14-Aug-2026 18:14:12 UTC] PHP Fatal error:  Uncaught TypeError: Cannot access offset of type string on string in /home/drbastaninejad/public_html/wp-content/plugins/seo-by-rank-math/includes/modules/schema/class-frontend.php:73
Stack trace:
#0 [internal function]: RankMath\Schema\Frontend->RankMath\Schema\{closure}('a:7:{s:8:"metad...')
#1 /home/drbastaninejad/public_html/wp-content/plugins/seo-by-rank-math/includes/modules/schema/class-frontend.php(70): array_filter(Array, Object(Closure))
#2 /home/drbastaninejad/public_html/wp-includes/class-wp-hook.php(341): RankMath\Schema\Frontend->add_schema(Array, Object(RankMath\Schema\JsonLD))
#3 /home/drbastaninejad/public_html/wp-includes/plugin.php(256): WP_Hook->apply_filters(Array, Array)
#4 /home/drbastaninejad/public_html/wp-content/plugins/seo-by-rank-math/includes/traits/class-hooker.php(106): apply_filters_ref_array('rank_math/json_...', Array)
#5 /home/drbastaninejad/public_html/wp-content/plugins/seo-by-rank-math/includes/modules/schema/class-jsonld.php(149): RankMath\Schema\JsonLD->do_filter('json_ld', Array, Object(RankMath\Schema\JsonLD))
#6 /home/drbastaninejad/public_html/wp-includes/class-wp-hook.php(341): RankMath\Schema\JsonLD->json_ld()
#7 /home/drbastaninejad/public_html/wp-includes/class-wp-hook.php(365): WP_Hook->apply_filters(NULL, Array)
#8 /home/drbastaninejad/public_html/wp-includes/plugin.php(570): WP_Hook->do_action(Array)
#9 /home/drbastaninejad/public_html/wp-content/plugins/seo-by-rank-math/includes/traits/class-hooker.php(90): do_action_ref_array('rank_math/head', Array)
#10 /home/drbastaninejad/public_html/wp-content/plugins/seo-by-rank-math/includes/frontend/class-head.php(189): RankMath\Frontend\Head->do_action('head')
#11 /home/drbastaninejad/public_html/wp-includes/class-wp-hook.php(341): RankMath\Frontend\Head->head('')
#12 /home/drbastaninejad/public_html/wp-includes/class-wp-hook.php(365): WP_Hook->apply_filters(NULL, Array)
#13 /home/drbastaninejad/public_html/wp-includes/plugin.php(522): WP_Hook->do_action(Array)
#14 /home/drbastaninejad/public_html/wp-includes/general-template.php(3208): do_action('wp_head')
#15 /home/drbastaninejad/public_html/wp-content/themes/drbastaninejad-theme/header.php(6): wp_head()
#16 /home/drbastaninejad/public_html/wp-includes/template.php(814): require_once('/home/drbastani...')
#17 /home/drbastaninejad/public_html/wp-includes/template.php(749): load_template('/home/drbastani...', true, Array)
#18 /home/drbastaninejad/public_html/wp-includes/general-template.php(48): locate_template(Array, true, true, Array)
#19 /home/drbastaninejad/public_html/wp-content/themes/drbastaninejad-theme/page.php(1): get_header()
#20 /home/drbastaninejad/public_html/wp-includes/template-loader.php(132): include('/home/drbastani...')
#21 /home/drbastaninejad/public_html/wp-blog-header.php(19): require_once('/home/drbastani...')
#22 /home/drbastaninejad/public_html/index.php(17): require('/home/drbastani...')
#23 {main}
  thrown in /home/drbastaninejad/public_html/wp-content/plugins/seo-by-rank-math/includes/modules/schema/class-frontend.php on line 73
[14-Aug-2026 18:14:13 UTC] PHP Fatal error:  Uncaught TypeError: Cannot access offset of type string on string in /home/drbastaninejad/public_html/wp-content/plugins/seo-by-rank-math/includes/modules/schema/class-frontend.php:73
Stack trace:
#0 [internal function]: RankMath\Schema\Frontend->RankMath\Schema\{closure}('a:7:{s:8:"metad...')
#1 /home/drbastaninejad/public_html/wp-content/plugins/seo-by-rank-math/includes/modules/schema/class-frontend.php(70): array_filter(Array, Object(Closure))
#2 /home/drbastaninejad/public_html/wp-includes/class-wp-hook.php(341): RankMath\Schema\Frontend->add_schema(Array, Object(RankMath\Schema\JsonLD))
#3 /home/drbastaninejad/public_html/wp-includes/plugin.php(256): WP_Hook->apply_filters(Array, Array)
#4 /home/drbastaninejad/public_html/wp-content/plugins/seo-by-rank-math/includes/traits/class-hooker.php(106): apply_filters_ref_array('rank_math/json_...', Array)
#5 /home/drbastaninejad/public_html/wp-content/plugins/seo-by-rank-math/includes/modules/schema/class-jsonld.php(149): RankMath\Schema\JsonLD->do_filter('json_ld', Array, Object(RankMath\Schema\JsonLD))
#6 /home/drbastaninejad/public_html/wp-includes/class-wp-hook.php(341): RankMath\Schema\JsonLD->json_ld()
#7 /home/drbastaninejad/public_html/wp-includes/class-wp-hook.php(365): WP_Hook->apply_filters(NULL, Array)
#8 /home/drbastaninejad/public_html/wp-includes/plugin.php(570): WP_Hook->do_action(Array)
#9 /home/drbastaninejad/public_html/wp-content/plugins/seo-by-rank-math/includes/traits/class-hooker.php(90): do_action_ref_array('rank_math/head', Array)
#10 /home/drbastaninejad/public_html/wp-content/plugins/seo-by-rank-math/includes/frontend/class-head.php(189): RankMath\Frontend\Head->do_action('head')
#11 /home/drbastaninejad/public_html/wp-includes/class-wp-hook.php(341): RankMath\Frontend\Head->head('')
#12 /home/drbastaninejad/public_html/wp-includes/class-wp-hook.php(365): WP_Hook->apply_filters(NULL, Array)
#13 /home/drbastaninejad/public_html/wp-includes/plugin.php(522): WP_Hook->do_action(Array)
#14 /home/drbastaninejad/public_html/wp-includes/general-template.php(3208): do_action('wp_head')
#15 /home/drbastaninejad/public_html/wp-content/themes/drbastaninejad-theme/header.php(6): wp_head()
#16 /home/drbastaninejad/public_html/wp-includes/template.php(814): require_once('/home/drbastani...')
#17 /home/drbastaninejad/public_html/wp-includes/template.php(749): load_template('/home/drbastani...', true, Array)
#18 /home/drbastaninejad/public_html/wp-includes/general-template.php(48): locate_template(Array, true, true, Array)
#19 /home/drbastaninejad/public_html/wp-content/themes/drbastaninejad-theme/page.php(1): get_header()
#20 /home/drbastaninejad/public_html/wp-includes/template-loader.php(132): include('/home/drbastani...')
#21 /home/drbastaninejad/public_html/wp-blog-header.php(19): require_once('/home/drbastani...')
#22 /home/drbastaninejad/public_html/index.php(17): require('/home/drbastani...')
#23 {main}
  thrown in /home/drbastaninejad/public_html/wp-content/plugins/seo-by-rank-math/includes/modules/schema/class-frontend.php on line 73
[14-Aug-2026 18:14:28 UTC] [DRB booking] Dashboard request failed: cURL error 60: SSL: no alternative certificate subject name matches target host name 'dashboard.drbastaninejad.com'
[14-Aug-2026 18:14:44 UTC] [DRB booking] Dashboard request failed: cURL error 60: SSL: no alternative certificate subject name matches target host name 'dashboard.drbastaninejad.com'
[14-Aug-2026 18:15:24 UTC] PHP Fatal error:  Uncaught TypeError: Cannot access offset of type string on string in /home/drbastaninejad/public_html/wp-content/plugins/seo-by-rank-math/includes/modules/schema/class-frontend.php:73
Stack trace:
#0 [internal function]: RankMath\Schema\Frontend->RankMath\Schema\{closure}('a:7:{s:8:"metad...')
#1 /home/drbastaninejad/public_html/wp-content/plugins/seo-by-rank-math/includes/modules/schema/class-frontend.php(70): array_filter(Array, Object(Closure))
#2 /home/drbastaninejad/public_html/wp-includes/class-wp-hook.php(341): RankMath\Schema\Frontend->add_schema(Array, Object(RankMath\Schema\JsonLD))
#3 /home/drbastaninejad/public_html/wp-includes/plugin.php(256): WP_Hook->apply_filters(Array, Array)
#4 /home/drbastaninejad/public_html/wp-content/plugins/seo-by-rank-math/includes/traits/class-hooker.php(106): apply_filters_ref_array('rank_math/json_...', Array)
#5 /home/drbastaninejad/public_html/wp-content/plugins/seo-by-rank-math/includes/modules/schema/class-jsonld.php(149): RankMath\Schema\JsonLD->do_filter('json_ld', Array, Object(RankMath\Schema\JsonLD))
#6 /home/drbastaninejad/public_html/wp-includes/class-wp-hook.php(341): RankMath\Schema\JsonLD->json_ld()
#7 /home/drbastaninejad/public_html/wp-includes/class-wp-hook.php(365): WP_Hook->apply_filters(NULL, Array)
#8 /home/drbastaninejad/public_html/wp-includes/plugin.php(570): WP_Hook->do_action(Array)
#9 /home/drbastaninejad/public_html/wp-content/plugins/seo-by-rank-math/includes/traits/class-hooker.php(90): do_action_ref_array('rank_math/head', Array)
#10 /home/drbastaninejad/public_html/wp-content/plugins/seo-by-rank-math/includes/frontend/class-head.php(189): RankMath\Frontend\Head->do_action('head')
#11 /home/drbastaninejad/public_html/wp-includes/class-wp-hook.php(341): RankMath\Frontend\Head->head('')
#12 /home/drbastaninejad/public_html/wp-includes/class-wp-hook.php(365): WP_Hook->apply_filters(NULL, Array)
#13 /home/drbastaninejad/public_html/wp-includes/plugin.php(522): WP_Hook->do_action(Array)
#14 /home/drbastaninejad/public_html/wp-includes/general-template.php(3208): do_action('wp_head')
#15 /home/drbastaninejad/public_html/wp-content/themes/drbastaninejad-theme/header.php(6): wp_head()
#16 /home/drbastaninejad/public_html/wp-includes/template.php(814): require_once('/home/drbastani...')
#17 /home/drbastaninejad/public_html/wp-includes/template.php(749): load_template('/home/drbastani...', true, Array)
#18 /home/drbastaninejad/public_html/wp-includes/general-template.php(48): locate_template(Array, true, true, Array)
#19 /home/drbastaninejad/public_html/wp-content/themes/drbastaninejad-theme/page.php(1): get_header()
#20 /home/drbastaninejad/public_html/wp-includes/template-loader.php(132): include('/home/drbastani...')
#21 /home/drbastaninejad/public_html/wp-blog-header.php(19): require_once('/home/drbastani...')
#22 /home/drbastaninejad/public_html/index.php(17): require('/home/drbastani...')
#23 {main}
  thrown in /home/drbastaninejad/public_html/wp-content/plugins/seo-by-rank-math/includes/modules/schema/class-frontend.php on line 73
[14-Aug-2026 18:15:25 UTC] PHP Fatal error:  Uncaught TypeError: Cannot access offset of type string on string in /home/drbastaninejad/public_html/wp-content/plugins/seo-by-rank-math/includes/modules/schema/class-frontend.php:73
Stack trace:
#0 [internal function]: RankMath\Schema\Frontend->RankMath\Schema\{closure}('a:7:{s:8:"metad...')
#1 /home/drbastaninejad/public_html/wp-content/plugins/seo-by-rank-math/includes/modules/schema/class-frontend.php(70): array_filter(Array, Object(Closure))
#2 /home/drbastaninejad/public_html/wp-includes/class-wp-hook.php(341): RankMath\Schema\Frontend->add_schema(Array, Object(RankMath\Schema\JsonLD))
#3 /home/drbastaninejad/public_html/wp-includes/plugin.php(256): WP_Hook->apply_filters(Array, Array)
#4 /home/drbastaninejad/public_html/wp-content/plugins/seo-by-rank-math/includes/traits/class-hooker.php(106): apply_filters_ref_array('rank_math/json_...', Array)
#5 /home/drbastaninejad/public_html/wp-content/plugins/seo-by-rank-math/includes/modules/schema/class-jsonld.php(149): RankMath\Schema\JsonLD->do_filter('json_ld', Array, Object(RankMath\Schema\JsonLD))
#6 /home/drbastaninejad/public_html/wp-includes/class-wp-hook.php(341): RankMath\Schema\JsonLD->json_ld()
#7 /home/drbastaninejad/public_html/wp-includes/class-wp-hook.php(365): WP_Hook->apply_filters(NULL, Array)
#8 /home/drbastaninejad/public_html/wp-includes/plugin.php(570): WP_Hook->do_action(Array)
#9 /home/drbastaninejad/public_html/wp-content/plugins/seo-by-rank-math/includes/traits/class-hooker.php(90): do_action_ref_array('rank_math/head', Array)
#10 /home/drbastaninejad/public_html/wp-content/plugins/seo-by-rank-math/includes/frontend/class-head.php(189): RankMath\Frontend\Head->do_action('head')
#11 /home/drbastaninejad/public_html/wp-includes/class-wp-hook.php(341): RankMath\Frontend\Head->head('')
#12 /home/drbastaninejad/public_html/wp-includes/class-wp-hook.php(365): WP_Hook->apply_filters(NULL, Array)
#13 /home/drbastaninejad/public_html/wp-includes/plugin.php(522): WP_Hook->do_action(Array)
#14 /home/drbastaninejad/public_html/wp-includes/general-template.php(3208): do_action('wp_head')
#15 /home/drbastaninejad/public_html/wp-content/themes/drbastaninejad-theme/header.php(6): wp_head()
#16 /home/drbastaninejad/public_html/wp-includes/template.php(814): require_once('/home/drbastani...')
#17 /home/drbastaninejad/public_html/wp-includes/template.php(749): load_template('/home/drbastani...', true, Array)
#18 /home/drbastaninejad/public_html/wp-includes/general-template.php(48): locate_template(Array, true, true, Array)
#19 /home/drbastaninejad/public_html/wp-content/themes/drbastaninejad-theme/page.php(1): get_header()
#20 /home/drbastaninejad/public_html/wp-includes/template-loader.php(132): include('/home/drbastani...')
#21 /home/drbastaninejad/public_html/wp-blog-header.php(19): require_once('/home/drbastani...')
#22 /home/drbastaninejad/public_html/index.php(17): require('/home/drbastani...')
#23 {main}
  thrown in /home/drbastaninejad/public_html/wp-content/plugins/seo-by-rank-math/includes/modules/schema/class-frontend.php on line 73
[14-Aug-2026 18:15:25 UTC] PHP Fatal error:  Uncaught TypeError: Cannot access offset of type string on string in /home/drbastaninejad/public_html/wp-content/plugins/seo-by-rank-math/includes/modules/schema/class-frontend.php:73
Stack trace:
#0 [internal function]: RankMath\Schema\Frontend->RankMath\Schema\{closure}('a:7:{s:8:"metad...')
#1 /home/drbastaninejad/public_html/wp-content/plugins/seo-by-rank-math/includes/modules/schema/class-frontend.php(70): array_filter(Array, Object(Closure))
#2 /home/drbastaninejad/public_html/wp-includes/class-wp-hook.php(341): RankMath\Schema\Frontend->add_schema(Array, Object(RankMath\Schema\JsonLD))
#3 /home/drbastaninejad/public_html/wp-includes/plugin.php(256): WP_Hook->apply_filters(Array, Array)
#4 /home/drbastaninejad/public_html/wp-content/plugins/seo-by-rank-math/includes/traits/class-hooker.php(106): apply_filters_ref_array('rank_math/json_...', Array)
#5 /home/drbastaninejad/public_html/wp-content/plugins/seo-by-rank-math/includes/modules/schema/class-jsonld.php(149): RankMath\Schema\JsonLD->do_filter('json_ld', Array, Object(RankMath\Schema\JsonLD))
#6 /home/drbastaninejad/public_html/wp-includes/class-wp-hook.php(341): RankMath\Schema\JsonLD->json_ld()
#7 /home/drbastaninejad/public_html/wp-includes/class-wp-hook.php(365): WP_Hook->apply_filters(NULL, Array)
#8 /home/drbastaninejad/public_html/wp-includes/plugin.php(570): WP_Hook->do_action(Array)
#9 /home/drbastaninejad/public_html/wp-content/plugins/seo-by-rank-math/includes/traits/class-hooker.php(90): do_action_ref_array('rank_math/head', Array)
#10 /home/drbastaninejad/public_html/wp-content/plugins/seo-by-rank-math/includes/frontend/class-head.php(189): RankMath\Frontend\Head->do_action('head')
#11 /home/drbastaninejad/public_html/wp-includes/class-wp-hook.php(341): RankMath\Frontend\Head->head('')
#12 /home/drbastaninejad/public_html/wp-includes/class-wp-hook.php(365): WP_Hook->apply_filters(NULL, Array)
#13 /home/drbastaninejad/public_html/wp-includes/plugin.php(522): WP_Hook->do_action(Array)
#14 /home/drbastaninejad/public_html/wp-includes/general-template.php(3208): do_action('wp_head')
#15 /home/drbastaninejad/public_html/wp-content/themes/drbastaninejad-theme/header.php(6): wp_head()
#16 /home/drbastaninejad/public_html/wp-includes/template.php(814): require_once('/home/drbastani...')
#17 /home/drbastaninejad/public_html/wp-includes/template.php(749): load_template('/home/drbastani...', true, Array)
#18 /home/drbastaninejad/public_html/wp-includes/general-template.php(48): locate_template(Array, true, true, Array)
#19 /home/drbastaninejad/public_html/wp-content/themes/drbastaninejad-theme/page.php(1): get_header()
#20 /home/drbastaninejad/public_html/wp-includes/template-loader.php(132): include('/home/drbastani...')
#21 /home/drbastaninejad/public_html/wp-blog-header.php(19): require_once('/home/drbastani...')
#22 /home/drbastaninejad/public_html/index.php(17): require('/home/drbastani...')
#23 {main}
  thrown in /home/drbastaninejad/public_html/wp-content/plugins/seo-by-rank-math/includes/modules/schema/class-frontend.php on line 73
[14-Aug-2026 18:15:26 UTC] PHP Fatal error:  Uncaught TypeError: Cannot access offset of type string on string in /home/drbastaninejad/public_html/wp-content/plugins/seo-by-rank-math/includes/modules/schema/class-frontend.php:73
Stack trace:
#0 [internal function]: RankMath\Schema\Frontend->RankMath\Schema\{closure}('a:7:{s:8:"metad...')
#1 /home/drbastaninejad/public_html/wp-content/plugins/seo-by-rank-math/includes/modules/schema/class-frontend.php(70): array_filter(Array, Object(Closure))
#2 /home/drbastaninejad/public_html/wp-includes/class-wp-hook.php(341): RankMath\Schema\Frontend->add_schema(Array, Object(RankMath\Schema\JsonLD))
#3 /home/drbastaninejad/public_html/wp-includes/plugin.php(256): WP_Hook->apply_filters(Array, Array)
#4 /home/drbastaninejad/public_html/wp-content/plugins/seo-by-rank-math/includes/traits/class-hooker.php(106): apply_filters_ref_array('rank_math/json_...', Array)
#5 /home/drbastaninejad/public_html/wp-content/plugins/seo-by-rank-math/includes/modules/schema/class-jsonld.php(149): RankMath\Schema\JsonLD->do_filter('json_ld', Array, Object(RankMath\Schema\JsonLD))
#6 /home/drbastaninejad/public_html/wp-includes/class-wp-hook.php(341): RankMath\Schema\JsonLD->json_ld()
#7 /home/drbastaninejad/public_html/wp-includes/class-wp-hook.php(365): WP_Hook->apply_filters(NULL, Array)
#8 /home/drbastaninejad/public_html/wp-includes/plugin.php(570): WP_Hook->do_action(Array)
#9 /home/drbastaninejad/public_html/wp-content/plugins/seo-by-rank-math/includes/traits/class-hooker.php(90): do_action_ref_array('rank_math/head', Array)
#10 /home/drbastaninejad/public_html/wp-content/plugins/seo-by-rank-math/includes/frontend/class-head.php(189): RankMath\Frontend\Head->do_action('head')
#11 /home/drbastaninejad/public_html/wp-includes/class-wp-hook.php(341): RankMath\Frontend\Head->head('')
#12 /home/drbastaninejad/public_html/wp-includes/class-wp-hook.php(365): WP_Hook->apply_filters(NULL, Array)
#13 /home/drbastaninejad/public_html/wp-includes/plugin.php(522): WP_Hook->do_action(Array)
#14 /home/drbastaninejad/public_html/wp-includes/general-template.php(3208): do_action('wp_head')
#15 /home/drbastaninejad/public_html/wp-content/themes/drbastaninejad-theme/header.php(6): wp_head()
#16 /home/drbastaninejad/public_html/wp-includes/template.php(814): require_once('/home/drbastani...')
#17 /home/drbastaninejad/public_html/wp-includes/template.php(749): load_template('/home/drbastani...', true, Array)
#18 /home/drbastaninejad/public_html/wp-includes/general-template.php(48): locate_template(Array, true, true, Array)
#19 /home/drbastaninejad/public_html/wp-content/themes/drbastaninejad-theme/page.php(1): get_header()
#20 /home/drbastaninejad/public_html/wp-includes/template-loader.php(132): include('/home/drbastani...')
#21 /home/drbastaninejad/public_html/wp-blog-header.php(19): require_once('/home/drbastani...')
#22 /home/drbastaninejad/public_html/index.php(17): require('/home/drbastani...')
#23 {main}
  thrown in /home/drbastaninejad/public_html/wp-content/plugins/seo-by-rank-math/includes/modules/schema/class-frontend.php on line 73
[14-Aug-2026 18:59:50 UTC] PHP Fatal error:  Uncaught TypeError: Cannot access offset of type string on string in /home/drbastaninejad/public_html/wp-content/plugins/seo-by-rank-math/includes/modules/schema/class-frontend.php:73
Stack trace:
#0 [internal function]: RankMath\Schema\Frontend->RankMath\Schema\{closure}('a:7:{s:8:"metad...')
#1 /home/drbastaninejad/public_html/wp-content/plugins/seo-by-rank-math/includes/modules/schema/class-frontend.php(70): array_filter(Array, Object(Closure))
#2 /home/drbastaninejad/public_html/wp-includes/class-wp-hook.php(341): RankMath\Schema\Frontend->add_schema(Array, Object(RankMath\Schema\JsonLD))
#3 /home/drbastaninejad/public_html/wp-includes/plugin.php(256): WP_Hook->apply_filters(Array, Array)
#4 /home/drbastaninejad/public_html/wp-content/plugins/seo-by-rank-math/includes/traits/class-hooker.php(106): apply_filters_ref_array('rank_math/json_...', Array)
#5 /home/drbastaninejad/public_html/wp-content/plugins/seo-by-rank-math/includes/modules/schema/class-jsonld.php(149): RankMath\Schema\JsonLD->do_filter('json_ld', Array, Object(RankMath\Schema\JsonLD))
#6 /home/drbastaninejad/public_html/wp-includes/class-wp-hook.php(341): RankMath\Schema\JsonLD->json_ld()
#7 /home/drbastaninejad/public_html/wp-includes/class-wp-hook.php(365): WP_Hook->apply_filters(NULL, Array)
#8 /home/drbastaninejad/public_html/wp-includes/plugin.php(570): WP_Hook->do_action(Array)
#9 /home/drbastaninejad/public_html/wp-content/plugins/seo-by-rank-math/includes/traits/class-hooker.php(90): do_action_ref_array('rank_math/head', Array)
#10 /home/drbastaninejad/public_html/wp-content/plugins/seo-by-rank-math/includes/frontend/class-head.php(189): RankMath\Frontend\Head->do_action('head')
#11 /home/drbastaninejad/public_html/wp-includes/class-wp-hook.php(341): RankMath\Frontend\Head->head('')
#12 /home/drbastaninejad/public_html/wp-includes/class-wp-hook.php(365): WP_Hook->apply_filters(NULL, Array)
#13 /home/drbastaninejad/public_html/wp-includes/plugin.php(522): WP_Hook->do_action(Array)
#14 /home/drbastaninejad/public_html/wp-includes/general-template.php(3208): do_action('wp_head')
#15 /home/drbastaninejad/public_html/wp-content/themes/drbastaninejad-theme/header.php(6): wp_head()
#16 /home/drbastaninejad/public_html/wp-includes/template.php(814): require_once('/home/drbastani...')
#17 /home/drbastaninejad/public_html/wp-includes/template.php(749): load_template('/home/drbastani...', true, Array)
#18 /home/drbastaninejad/public_html/wp-includes/general-template.php(48): locate_template(Array, true, true, Array)
#19 /home/drbastaninejad/public_html/wp-content/themes/drbastaninejad-theme/page.php(1): get_header()
#20 /home/drbastaninejad/public_html/wp-includes/template-loader.php(132): include('/home/drbastani...')
#21 /home/drbastaninejad/public_html/wp-blog-header.php(19): require_once('/home/drbastani...')
#22 /home/drbastaninejad/public_html/index.php(17): require('/home/drbastani...')
#23 {main}
  thrown in /home/drbastaninejad/public_html/wp-content/plugins/seo-by-rank-math/includes/modules/schema/class-frontend.php on line 73
[14-Aug-2026 18:59:50 UTC] PHP Fatal error:  Uncaught TypeError: Cannot access offset of type string on string in /home/drbastaninejad/public_html/wp-content/plugins/seo-by-rank-math/includes/modules/schema/class-frontend.php:73
Stack trace:
#0 [internal function]: RankMath\Schema\Frontend->RankMath\Schema\{closure}('a:7:{s:8:"metad...')
#1 /home/drbastaninejad/public_html/wp-content/plugins/seo-by-rank-math/includes/modules/schema/class-frontend.php(70): array_filter(Array, Object(Closure))
#2 /home/drbastaninejad/public_html/wp-includes/class-wp-hook.php(341): RankMath\Schema\Frontend->add_schema(Array, Object(RankMath\Schema\JsonLD))
#3 /home/drbastaninejad/public_html/wp-includes/plugin.php(256): WP_Hook->apply_filters(Array, Array)
#4 /home/drbastaninejad/public_html/wp-content/plugins/seo-by-rank-math/includes/traits/class-hooker.php(106): apply_filters_ref_array('rank_math/json_...', Array)
#5 /home/drbastaninejad/public_html/wp-content/plugins/seo-by-rank-math/includes/modules/schema/class-jsonld.php(149): RankMath\Schema\JsonLD->do_filter('json_ld', Array, Object(RankMath\Schema\JsonLD))
#6 /home/drbastaninejad/public_html/wp-includes/class-wp-hook.php(341): RankMath\Schema\JsonLD->json_ld()
#7 /home/drbastaninejad/public_html/wp-includes/class-wp-hook.php(365): WP_Hook->apply_filters(NULL, Array)
#8 /home/drbastaninejad/public_html/wp-includes/plugin.php(570): WP_Hook->do_action(Array)
#9 /home/drbastaninejad/public_html/wp-content/plugins/seo-by-rank-math/includes/traits/class-hooker.php(90): do_action_ref_array('rank_math/head', Array)
#10 /home/drbastaninejad/public_html/wp-content/plugins/seo-by-rank-math/includes/frontend/class-head.php(189): RankMath\Frontend\Head->do_action('head')
#11 /home/drbastaninejad/public_html/wp-includes/class-wp-hook.php(341): RankMath\Frontend\Head->head('')
#12 /home/drbastaninejad/public_html/wp-includes/class-wp-hook.php(365): WP_Hook->apply_filters(NULL, Array)
#13 /home/drbastaninejad/public_html/wp-includes/plugin.php(522): WP_Hook->do_action(Array)
#14 /home/drbastaninejad/public_html/wp-includes/general-template.php(3208): do_action('wp_head')
#15 /home/drbastaninejad/public_html/wp-content/themes/drbastaninejad-theme/header.php(6): wp_head()
#16 /home/drbastaninejad/public_html/wp-includes/template.php(814): require_once('/home/drbastani...')
#17 /home/drbastaninejad/public_html/wp-includes/template.php(749): load_template('/home/drbastani...', true, Array)
#18 /home/drbastaninejad/public_html/wp-includes/general-template.php(48): locate_template(Array, true, true, Array)
#19 /home/drbastaninejad/public_html/wp-content/themes/drbastaninejad-theme/page.php(1): get_header()
#20 /home/drbastaninejad/public_html/wp-includes/template-loader.php(132): include('/home/drbastani...')
#21 /home/drbastaninejad/public_html/wp-blog-header.php(19): require_once('/home/drbastani...')
#22 /home/drbastaninejad/public_html/index.php(17): require('/home/drbastani...')
#23 {main}
  thrown in /home/drbastaninejad/public_html/wp-content/plugins/seo-by-rank-math/includes/modules/schema/class-frontend.php on line 73
[14-Aug-2026 18:59:51 UTC] PHP Fatal error:  Uncaught TypeError: Cannot access offset of type string on string in /home/drbastaninejad/public_html/wp-content/plugins/seo-by-rank-math/includes/modules/schema/class-frontend.php:73
Stack trace:
#0 [internal function]: RankMath\Schema\Frontend->RankMath\Schema\{closure}('a:7:{s:8:"metad...')
#1 /home/drbastaninejad/public_html/wp-content/plugins/seo-by-rank-math/includes/modules/schema/class-frontend.php(70): array_filter(Array, Object(Closure))
#2 /home/drbastaninejad/public_html/wp-includes/class-wp-hook.php(341): RankMath\Schema\Frontend->add_schema(Array, Object(RankMath\Schema\JsonLD))
#3 /home/drbastaninejad/public_html/wp-includes/plugin.php(256): WP_Hook->apply_filters(Array, Array)
#4 /home/drbastaninejad/public_html/wp-content/plugins/seo-by-rank-math/includes/traits/class-hooker.php(106): apply_filters_ref_array('rank_math/json_...', Array)
#5 /home/drbastaninejad/public_html/wp-content/plugins/seo-by-rank-math/includes/modules/schema/class-jsonld.php(149): RankMath\Schema\JsonLD->do_filter('json_ld', Array, Object(RankMath\Schema\JsonLD))
#6 /home/drbastaninejad/public_html/wp-includes/class-wp-hook.php(341): RankMath\Schema\JsonLD->json_ld()
#7 /home/drbastaninejad/public_html/wp-includes/class-wp-hook.php(365): WP_Hook->apply_filters(NULL, Array)
#8 /home/drbastaninejad/public_html/wp-includes/plugin.php(570): WP_Hook->do_action(Array)
#9 /home/drbastaninejad/public_html/wp-content/plugins/seo-by-rank-math/includes/traits/class-hooker.php(90): do_action_ref_array('rank_math/head', Array)
#10 /home/drbastaninejad/public_html/wp-content/plugins/seo-by-rank-math/includes/frontend/class-head.php(189): RankMath\Frontend\Head->do_action('head')
#11 /home/drbastaninejad/public_html/wp-includes/class-wp-hook.php(341): RankMath\Frontend\Head->head('')
#12 /home/drbastaninejad/public_html/wp-includes/class-wp-hook.php(365): WP_Hook->apply_filters(NULL, Array)
#13 /home/drbastaninejad/public_html/wp-includes/plugin.php(522): WP_Hook->do_action(Array)
#14 /home/drbastaninejad/public_html/wp-includes/general-template.php(3208): do_action('wp_head')
#15 /home/drbastaninejad/public_html/wp-content/themes/drbastaninejad-theme/header.php(6): wp_head()
#16 /home/drbastaninejad/public_html/wp-includes/template.php(814): require_once('/home/drbastani...')
#17 /home/drbastaninejad/public_html/wp-includes/template.php(749): load_template('/home/drbastani...', true, Array)
#18 /home/drbastaninejad/public_html/wp-includes/general-template.php(48): locate_template(Array, true, true, Array)
#19 /home/drbastaninejad/public_html/wp-content/themes/drbastaninejad-theme/page.php(1): get_header()
#20 /home/drbastaninejad/public_html/wp-includes/template-loader.php(132): include('/home/drbastani...')
#21 /home/drbastaninejad/public_html/wp-blog-header.php(19): require_once('/home/drbastani...')
#22 /home/drbastaninejad/public_html/index.php(17): require('/home/drbastani...')
#23 {main}
  thrown in /home/drbastaninejad/public_html/wp-content/plugins/seo-by-rank-math/includes/modules/schema/class-frontend.php on line 73
[14-Aug-2026 18:59:52 UTC] PHP Fatal error:  Uncaught TypeError: Cannot access offset of type string on string in /home/drbastaninejad/public_html/wp-content/plugins/seo-by-rank-math/includes/modules/schema/class-frontend.php:73
Stack trace:
#0 [internal function]: RankMath\Schema\Frontend->RankMath\Schema\{closure}('a:7:{s:8:"metad...')
#1 /home/drbastaninejad/public_html/wp-content/plugins/seo-by-rank-math/includes/modules/schema/class-frontend.php(70): array_filter(Array, Object(Closure))
#2 /home/drbastaninejad/public_html/wp-includes/class-wp-hook.php(341): RankMath\Schema\Frontend->add_schema(Array, Object(RankMath\Schema\JsonLD))
#3 /home/drbastaninejad/public_html/wp-includes/plugin.php(256): WP_Hook->apply_filters(Array, Array)
#4 /home/drbastaninejad/public_html/wp-content/plugins/seo-by-rank-math/includes/traits/class-hooker.php(106): apply_filters_ref_array('rank_math/json_...', Array)
#5 /home/drbastaninejad/public_html/wp-content/plugins/seo-by-rank-math/includes/modules/schema/class-jsonld.php(149): RankMath\Schema\JsonLD->do_filter('json_ld', Array, Object(RankMath\Schema\JsonLD))
#6 /home/drbastaninejad/public_html/wp-includes/class-wp-hook.php(341): RankMath\Schema\JsonLD->json_ld()
#7 /home/drbastaninejad/public_html/wp-includes/class-wp-hook.php(365): WP_Hook->apply_filters(NULL, Array)
#8 /home/drbastaninejad/public_html/wp-includes/plugin.php(570): WP_Hook->do_action(Array)
#9 /home/drbastaninejad/public_html/wp-content/plugins/seo-by-rank-math/includes/traits/class-hooker.php(90): do_action_ref_array('rank_math/head', Array)
#10 /home/drbastaninejad/public_html/wp-content/plugins/seo-by-rank-math/includes/frontend/class-head.php(189): RankMath\Frontend\Head->do_action('head')
#11 /home/drbastaninejad/public_html/wp-includes/class-wp-hook.php(341): RankMath\Frontend\Head->head('')
#12 /home/drbastaninejad/public_html/wp-includes/class-wp-hook.php(365): WP_Hook->apply_filters(NULL, Array)
#13 /home/drbastaninejad/public_html/wp-includes/plugin.php(522): WP_Hook->do_action(Array)
#14 /home/drbastaninejad/public_html/wp-includes/general-template.php(3208): do_action('wp_head')
#15 /home/drbastaninejad/public_html/wp-content/themes/drbastaninejad-theme/header.php(6): wp_head()
#16 /home/drbastaninejad/public_html/wp-includes/template.php(814): require_once('/home/drbastani...')
#17 /home/drbastaninejad/public_html/wp-includes/template.php(749): load_template('/home/drbastani...', true, Array)
#18 /home/drbastaninejad/public_html/wp-includes/general-template.php(48): locate_template(Array, true, true, Array)
#19 /home/drbastaninejad/public_html/wp-content/themes/drbastaninejad-theme/page.php(1): get_header()
#20 /home/drbastaninejad/public_html/wp-includes/template-loader.php(132): include('/home/drbastani...')
#21 /home/drbastaninejad/public_html/wp-blog-header.php(19): require_once('/home/drbastani...')
#22 /home/drbastaninejad/public_html/index.php(17): require('/home/drbastani...')
#23 {main}
  thrown in /home/drbastaninejad/public_html/wp-content/plugins/seo-by-rank-math/includes/modules/schema/class-frontend.php on line 73
[14-Aug-2026 19:11:12 UTC] PHP Fatal error:  Uncaught TypeError: Cannot access offset of type string on string in /home/drbastaninejad/public_html/wp-content/plugins/seo-by-rank-math/includes/modules/schema/class-frontend.php:73
Stack trace:
#0 [internal function]: RankMath\Schema\Frontend->RankMath\Schema\{closure}('a:7:{s:8:"metad...')
#1 /home/drbastaninejad/public_html/wp-content/plugins/seo-by-rank-math/includes/modules/schema/class-frontend.php(70): array_filter(Array, Object(Closure))
#2 /home/drbastaninejad/public_html/wp-includes/class-wp-hook.php(341): RankMath\Schema\Frontend->add_schema(Array, Object(RankMath\Schema\JsonLD))
#3 /home/drbastaninejad/public_html/wp-includes/plugin.php(256): WP_Hook->apply_filters(Array, Array)
#4 /home/drbastaninejad/public_html/wp-content/plugins/seo-by-rank-math/includes/traits/class-hooker.php(106): apply_filters_ref_array('rank_math/json_...', Array)
#5 /home/drbastaninejad/public_html/wp-content/plugins/seo-by-rank-math/includes/modules/schema/class-jsonld.php(149): RankMath\Schema\JsonLD->do_filter('json_ld', Array, Object(RankMath\Schema\JsonLD))
#6 /home/drbastaninejad/public_html/wp-includes/class-wp-hook.php(341): RankMath\Schema\JsonLD->json_ld()
#7 /home/drbastaninejad/public_html/wp-includes/class-wp-hook.php(365): WP_Hook->apply_filters(NULL, Array)
#8 /home/drbastaninejad/public_html/wp-includes/plugin.php(570): WP_Hook->do_action(Array)
#9 /home/drbastaninejad/public_html/wp-content/plugins/seo-by-rank-math/includes/traits/class-hooker.php(90): do_action_ref_array('rank_math/head', Array)
#10 /home/drbastaninejad/public_html/wp-content/plugins/seo-by-rank-math/includes/frontend/class-head.php(189): RankMath\Frontend\Head->do_action('head')
#11 /home/drbastaninejad/public_html/wp-includes/class-wp-hook.php(341): RankMath\Frontend\Head->head('')
#12 /home/drbastaninejad/public_html/wp-includes/class-wp-hook.php(365): WP_Hook->apply_filters(NULL, Array)
#13 /home/drbastaninejad/public_html/wp-includes/plugin.php(522): WP_Hook->do_action(Array)
#14 /home/drbastaninejad/public_html/wp-includes/general-template.php(3208): do_action('wp_head')
#15 /home/drbastaninejad/public_html/wp-content/themes/drbastaninejad-theme/header.php(6): wp_head()
#16 /home/drbastaninejad/public_html/wp-includes/template.php(814): require_once('/home/drbastani...')
#17 /home/drbastaninejad/public_html/wp-includes/template.php(749): load_template('/home/drbastani...', true, Array)
#18 /home/drbastaninejad/public_html/wp-includes/general-template.php(48): locate_template(Array, true, true, Array)
#19 /home/drbastaninejad/public_html/wp-content/themes/drbastaninejad-theme/page.php(1): get_header()
#20 /home/drbastaninejad/public_html/wp-includes/template-loader.php(132): include('/home/drbastani...')
#21 /home/drbastaninejad/public_html/wp-blog-header.php(19): require_once('/home/drbastani...')
#22 /home/drbastaninejad/public_html/index.php(17): require('/home/drbastani...')
#23 {main}
  thrown in /home/drbastaninejad/public_html/wp-content/plugins/seo-by-rank-math/includes/modules/schema/class-frontend.php on line 73
[14-Aug-2026 19:11:13 UTC] PHP Fatal error:  Uncaught TypeError: Cannot access offset of type string on string in /home/drbastaninejad/public_html/wp-content/plugins/seo-by-rank-math/includes/modules/schema/class-frontend.php:73
Stack trace:
#0 [internal function]: RankMath\Schema\Frontend->RankMath\Schema\{closure}('a:7:{s:8:"metad...')
#1 /home/drbastaninejad/public_html/wp-content/plugins/seo-by-rank-math/includes/modules/schema/class-frontend.php(70): array_filter(Array, Object(Closure))
#2 /home/drbastaninejad/public_html/wp-includes/class-wp-hook.php(341): RankMath\Schema\Frontend->add_schema(Array, Object(RankMath\Schema\JsonLD))
#3 /home/drbastaninejad/public_html/wp-includes/plugin.php(256): WP_Hook->apply_filters(Array, Array)
#4 /home/drbastaninejad/public_html/wp-content/plugins/seo-by-rank-math/includes/traits/class-hooker.php(106): apply_filters_ref_array('rank_math/json_...', Array)
#5 /home/drbastaninejad/public_html/wp-content/plugins/seo-by-rank-math/includes/modules/schema/class-jsonld.php(149): RankMath\Schema\JsonLD->do_filter('json_ld', Array, Object(RankMath\Schema\JsonLD))
#6 /home/drbastaninejad/public_html/wp-includes/class-wp-hook.php(341): RankMath\Schema\JsonLD->json_ld()
#7 /home/drbastaninejad/public_html/wp-includes/class-wp-hook.php(365): WP_Hook->apply_filters(NULL, Array)
#8 /home/drbastaninejad/public_html/wp-includes/plugin.php(570): WP_Hook->do_action(Array)
#9 /home/drbastaninejad/public_html/wp-content/plugins/seo-by-rank-math/includes/traits/class-hooker.php(90): do_action_ref_array('rank_math/head', Array)
#10 /home/drbastaninejad/public_html/wp-content/plugins/seo-by-rank-math/includes/frontend/class-head.php(189): RankMath\Frontend\Head->do_action('head')
#11 /home/drbastaninejad/public_html/wp-includes/class-wp-hook.php(341): RankMath\Frontend\Head->head('')
#12 /home/drbastaninejad/public_html/wp-includes/class-wp-hook.php(365): WP_Hook->apply_filters(NULL, Array)
#13 /home/drbastaninejad/public_html/wp-includes/plugin.php(522): WP_Hook->do_action(Array)
#14 /home/drbastaninejad/public_html/wp-includes/general-template.php(3208): do_action('wp_head')
#15 /home/drbastaninejad/public_html/wp-content/themes/drbastaninejad-theme/header.php(6): wp_head()
#16 /home/drbastaninejad/public_html/wp-includes/template.php(814): require_once('/home/drbastani...')
#17 /home/drbastaninejad/public_html/wp-includes/template.php(749): load_template('/home/drbastani...', true, Array)
#18 /home/drbastaninejad/public_html/wp-includes/general-template.php(48): locate_template(Array, true, true, Array)
#19 /home/drbastaninejad/public_html/wp-content/themes/drbastaninejad-theme/page.php(1): get_header()
#20 /home/drbastaninejad/public_html/wp-includes/template-loader.php(132): include('/home/drbastani...')
#21 /home/drbastaninejad/public_html/wp-blog-header.php(19): require_once('/home/drbastani...')
#22 /home/drbastaninejad/public_html/index.php(17): require('/home/drbastani...')
#23 {main}
  thrown in /home/drbastaninejad/public_html/wp-content/plugins/seo-by-rank-math/includes/modules/schema/class-frontend.php on line 73
[14-Aug-2026 19:11:14 UTC] PHP Fatal error:  Uncaught TypeError: Cannot access offset of type string on string in /home/drbastaninejad/public_html/wp-content/plugins/seo-by-rank-math/includes/modules/schema/class-frontend.php:73
Stack trace:
#0 [internal function]: RankMath\Schema\Frontend->RankMath\Schema\{closure}('a:7:{s:8:"metad...')
#1 /home/drbastaninejad/public_html/wp-content/plugins/seo-by-rank-math/includes/modules/schema/class-frontend.php(70): array_filter(Array, Object(Closure))
#2 /home/drbastaninejad/public_html/wp-includes/class-wp-hook.php(341): RankMath\Schema\Frontend->add_schema(Array, Object(RankMath\Schema\JsonLD))
#3 /home/drbastaninejad/public_html/wp-includes/plugin.php(256): WP_Hook->apply_filters(Array, Array)
#4 /home/drbastaninejad/public_html/wp-content/plugins/seo-by-rank-math/includes/traits/class-hooker.php(106): apply_filters_ref_array('rank_math/json_...', Array)
#5 /home/drbastaninejad/public_html/wp-content/plugins/seo-by-rank-math/includes/modules/schema/class-jsonld.php(149): RankMath\Schema\JsonLD->do_filter('json_ld', Array, Object(RankMath\Schema\JsonLD))
#6 /home/drbastaninejad/public_html/wp-includes/class-wp-hook.php(341): RankMath\Schema\JsonLD->json_ld()
#7 /home/drbastaninejad/public_html/wp-includes/class-wp-hook.php(365): WP_Hook->apply_filters(NULL, Array)
#8 /home/drbastaninejad/public_html/wp-includes/plugin.php(570): WP_Hook->do_action(Array)
#9 /home/drbastaninejad/public_html/wp-content/plugins/seo-by-rank-math/includes/traits/class-hooker.php(90): do_action_ref_array('rank_math/head', Array)
#10 /home/drbastaninejad/public_html/wp-content/plugins/seo-by-rank-math/includes/frontend/class-head.php(189): RankMath\Frontend\Head->do_action('head')
#11 /home/drbastaninejad/public_html/wp-includes/class-wp-hook.php(341): RankMath\Frontend\Head->head('')
#12 /home/drbastaninejad/public_html/wp-includes/class-wp-hook.php(365): WP_Hook->apply_filters(NULL, Array)
#13 /home/drbastaninejad/public_html/wp-includes/plugin.php(522): WP_Hook->do_action(Array)
#14 /home/drbastaninejad/public_html/wp-includes/general-template.php(3208): do_action('wp_head')
#15 /home/drbastaninejad/public_html/wp-content/themes/drbastaninejad-theme/header.php(6): wp_head()
#16 /home/drbastaninejad/public_html/wp-includes/template.php(814): require_once('/home/drbastani...')
#17 /home/drbastaninejad/public_html/wp-includes/template.php(749): load_template('/home/drbastani...', true, Array)
#18 /home/drbastaninejad/public_html/wp-includes/general-template.php(48): locate_template(Array, true, true, Array)
#19 /home/drbastaninejad/public_html/wp-content/themes/drbastaninejad-theme/page.php(1): get_header()
#20 /home/drbastaninejad/public_html/wp-includes/template-loader.php(132): include('/home/drbastani...')
#21 /home/drbastaninejad/public_html/wp-blog-header.php(19): require_once('/home/drbastani...')
#22 /home/drbastaninejad/public_html/index.php(17): require('/home/drbastani...')
#23 {main}
  thrown in /home/drbastaninejad/public_html/wp-content/plugins/seo-by-rank-math/includes/modules/schema/class-frontend.php on line 73
[14-Aug-2026 19:11:15 UTC] PHP Fatal error:  Uncaught TypeError: Cannot access offset of type string on string in /home/drbastaninejad/public_html/wp-content/plugins/seo-by-rank-math/includes/modules/schema/class-frontend.php:73
Stack trace:
#0 [internal function]: RankMath\Schema\Frontend->RankMath\Schema\{closure}('a:7:{s:8:"metad...')
#1 /home/drbastaninejad/public_html/wp-content/plugins/seo-by-rank-math/includes/modules/schema/class-frontend.php(70): array_filter(Array, Object(Closure))
#2 /home/drbastaninejad/public_html/wp-includes/class-wp-hook.php(341): RankMath\Schema\Frontend->add_schema(Array, Object(RankMath\Schema\JsonLD))
#3 /home/drbastaninejad/public_html/wp-includes/plugin.php(256): WP_Hook->apply_filters(Array, Array)
#4 /home/drbastaninejad/public_html/wp-content/plugins/seo-by-rank-math/includes/traits/class-hooker.php(106): apply_filters_ref_array('rank_math/json_...', Array)
#5 /home/drbastaninejad/public_html/wp-content/plugins/seo-by-rank-math/includes/modules/schema/class-jsonld.php(149): RankMath\Schema\JsonLD->do_filter('json_ld', Array, Object(RankMath\Schema\JsonLD))
#6 /home/drbastaninejad/public_html/wp-includes/class-wp-hook.php(341): RankMath\Schema\JsonLD->json_ld()
#7 /home/drbastaninejad/public_html/wp-includes/class-wp-hook.php(365): WP_Hook->apply_filters(NULL, Array)
#8 /home/drbastaninejad/public_html/wp-includes/plugin.php(570): WP_Hook->do_action(Array)
#9 /home/drbastaninejad/public_html/wp-content/plugins/seo-by-rank-math/includes/traits/class-hooker.php(90): do_action_ref_array('rank_math/head', Array)
#10 /home/drbastaninejad/public_html/wp-content/plugins/seo-by-rank-math/includes/frontend/class-head.php(189): RankMath\Frontend\Head->do_action('head')
#11 /home/drbastaninejad/public_html/wp-includes/class-wp-hook.php(341): RankMath\Frontend\Head->head('')
#12 /home/drbastaninejad/public_html/wp-includes/class-wp-hook.php(365): WP_Hook->apply_filters(NULL, Array)
#13 /home/drbastaninejad/public_html/wp-includes/plugin.php(522): WP_Hook->do_action(Array)
#14 /home/drbastaninejad/public_html/wp-includes/general-template.php(3208): do_action('wp_head')
#15 /home/drbastaninejad/public_html/wp-content/themes/drbastaninejad-theme/header.php(6): wp_head()
#16 /home/drbastaninejad/public_html/wp-includes/template.php(814): require_once('/home/drbastani...')
#17 /home/drbastaninejad/public_html/wp-includes/template.php(749): load_template('/home/drbastani...', true, Array)
#18 /home/drbastaninejad/public_html/wp-includes/general-template.php(48): locate_template(Array, true, true, Array)
#19 /home/drbastaninejad/public_html/wp-content/themes/drbastaninejad-theme/page.php(1): get_header()
#20 /home/drbastaninejad/public_html/wp-includes/template-loader.php(132): include('/home/drbastani...')
#21 /home/drbastaninejad/public_html/wp-blog-header.php(19): require_once('/home/drbastani...')
#22 /home/drbastaninejad/public_html/index.php(17): require('/home/drbastani...')
#23 {main}
  thrown in /home/drbastaninejad/public_html/wp-content/plugins/seo-by-rank-math/includes/modules/schema/class-frontend.php on line 73
[14-Aug-2026 19:50:41 UTC] [DRB booking] Dashboard request failed: cURL error 60: SSL: no alternative certificate subject name matches target host name 'dashboard.drbastaninejad.com'
[14-Aug-2026 19:51:52 UTC] [DRB booking] Dashboard request failed: cURL error 60: SSL: no alternative certificate subject name matches target host name 'dashboard.drbastaninejad.com'
[14-Aug-2026 19:58:19 UTC] [DRB booking] Dashboard request failed: cURL error 60: SSL: no alternative certificate subject name matches target host name 'dashboard.drbastaninejad.com'
[14-Aug-2026 20:04:31 UTC] PHP Fatal error:  Uncaught TypeError: Cannot access offset of type string on string in /home/drbastaninejad/public_html/wp-content/plugins/seo-by-rank-math/includes/modules/schema/class-frontend.php:73
Stack trace:
#0 [internal function]: RankMath\Schema\Frontend->RankMath\Schema\{closure}('a:7:{s:8:"metad...')
#1 /home/drbastaninejad/public_html/wp-content/plugins/seo-by-rank-math/includes/modules/schema/class-frontend.php(70): array_filter(Array, Object(Closure))
#2 /home/drbastaninejad/public_html/wp-includes/class-wp-hook.php(341): RankMath\Schema\Frontend->add_schema(Array, Object(RankMath\Schema\JsonLD))
#3 /home/drbastaninejad/public_html/wp-includes/plugin.php(256): WP_Hook->apply_filters(Array, Array)
#4 /home/drbastaninejad/public_html/wp-content/plugins/seo-by-rank-math/includes/traits/class-hooker.php(106): apply_filters_ref_array('rank_math/json_...', Array)
#5 /home/drbastaninejad/public_html/wp-content/plugins/seo-by-rank-math/includes/modules/schema/class-jsonld.php(149): RankMath\Schema\JsonLD->do_filter('json_ld', Array, Object(RankMath\Schema\JsonLD))
#6 /home/drbastaninejad/public_html/wp-includes/class-wp-hook.php(341): RankMath\Schema\JsonLD->json_ld()
#7 /home/drbastaninejad/public_html/wp-includes/class-wp-hook.php(365): WP_Hook->apply_filters(NULL, Array)
#8 /home/drbastaninejad/public_html/wp-includes/plugin.php(570): WP_Hook->do_action(Array)
#9 /home/drbastaninejad/public_html/wp-content/plugins/seo-by-rank-math/includes/traits/class-hooker.php(90): do_action_ref_array('rank_math/head', Array)
#10 /home/drbastaninejad/public_html/wp-content/plugins/seo-by-rank-math/includes/frontend/class-head.php(189): RankMath\Frontend\Head->do_action('head')
#11 /home/drbastaninejad/public_html/wp-includes/class-wp-hook.php(341): RankMath\Frontend\Head->head('')
#12 /home/drbastaninejad/public_html/wp-includes/class-wp-hook.php(365): WP_Hook->apply_filters(NULL, Array)
#13 /home/drbastaninejad/public_html/wp-includes/plugin.php(522): WP_Hook->do_action(Array)
#14 /home/drbastaninejad/public_html/wp-includes/general-template.php(3208): do_action('wp_head')
#15 /home/drbastaninejad/public_html/wp-content/themes/drbastaninejad-theme/header.php(6): wp_head()
#16 /home/drbastaninejad/public_html/wp-includes/template.php(814): require_once('/home/drbastani...')
#17 /home/drbastaninejad/public_html/wp-includes/template.php(749): load_template('/home/drbastani...', true, Array)
#18 /home/drbastaninejad/public_html/wp-includes/general-template.php(48): locate_template(Array, true, true, Array)
#19 /home/drbastaninejad/public_html/wp-content/themes/drbastaninejad-theme/page.php(1): get_header()
#20 /home/drbastaninejad/public_html/wp-includes/template-loader.php(132): include('/home/drbastani...')
#21 /home/drbastaninejad/public_html/wp-blog-header.php(19): require_once('/home/drbastani...')
#22 /home/drbastaninejad/public_html/index.php(17): require('/home/drbastani...')
#23 {main}
  thrown in /home/drbastaninejad/public_html/wp-content/plugins/seo-by-rank-math/includes/modules/schema/class-frontend.php on line 73
[14-Aug-2026 20:19:14 UTC] [DRB booking][BRIDGE-TLS] Dashboard request failed: cURL error 60: SSL: no alternative certificate subject name matches target host name 'dashboard.drbastaninejad.com'
[14-Aug-2026 20:28:54 UTC] [DRB booking][BRIDGE-TLS] Dashboard request failed: cURL error 60: SSL: no alternative certificate subject name matches target host name 'dashboard.drbastaninejad.com'
[14-Aug-2026 20:29:14 UTC] [DRB booking][BRIDGE-TLS] Dashboard request failed: cURL error 60: SSL: no alternative certificate subject name matches target host name 'dashboard.drbastaninejad.com'
[14-Aug-2026 20:29:17 UTC] [DRB booking][BRIDGE-TLS] Dashboard request failed: cURL error 60: SSL: no alternative certificate subject name matches target host name 'dashboard.drbastaninejad.com'
[14-Aug-2026 20:30:36 UTC] [DRB booking][BRIDGE-TLS] Dashboard request failed: cURL error 60: SSL: no alternative certificate subject name matches target host name 'dashboard.drbastaninejad.com'
[14-Aug-2026 21:10:08 UTC] [DRB booking][BRIDGE-TLS] Dashboard request failed: cURL error 60: SSL: no alternative certificate subject name matches target host name 'dashboard.drbastaninejad.com'
[14-Aug-2026 21:10:12 UTC] [DRB booking][BRIDGE-TLS] Dashboard request failed: cURL error 60: SSL: no alternative certificate subject name matches target host name 'dashboard.drbastaninejad.com'
[14-Aug-2026 23:48:53 UTC] PHP Fatal error:  Uncaught TypeError: Cannot access offset of type string on string in /home/drbastaninejad/public_html/wp-content/plugins/seo-by-rank-math/includes/modules/schema/class-frontend.php:73
Stack trace:
#0 [internal function]: RankMath\Schema\Frontend->RankMath\Schema\{closure}('a:7:{s:8:"metad...')
#1 /home/drbastaninejad/public_html/wp-content/plugins/seo-by-rank-math/includes/modules/schema/class-frontend.php(70): array_filter(Array, Object(Closure))
#2 /home/drbastaninejad/public_html/wp-includes/class-wp-hook.php(341): RankMath\Schema\Frontend->add_schema(Array, Object(RankMath\Schema\JsonLD))
#3 /home/drbastaninejad/public_html/wp-includes/plugin.php(256): WP_Hook->apply_filters(Array, Array)
#4 /home/drbastaninejad/public_html/wp-content/plugins/seo-by-rank-math/includes/traits/class-hooker.php(106): apply_filters_ref_array('rank_math/json_...', Array)
#5 /home/drbastaninejad/public_html/wp-content/plugins/seo-by-rank-math/includes/modules/schema/class-jsonld.php(149): RankMath\Schema\JsonLD->do_filter('json_ld', Array, Object(RankMath\Schema\JsonLD))
#6 /home/drbastaninejad/public_html/wp-includes/class-wp-hook.php(341): RankMath\Schema\JsonLD->json_ld()
#7 /home/drbastaninejad/public_html/wp-includes/class-wp-hook.php(365): WP_Hook->apply_filters(NULL, Array)
#8 /home/drbastaninejad/public_html/wp-includes/plugin.php(570): WP_Hook->do_action(Array)
#9 /home/drbastaninejad/public_html/wp-content/plugins/seo-by-rank-math/includes/traits/class-hooker.php(90): do_action_ref_array('rank_math/head', Array)
#10 /home/drbastaninejad/public_html/wp-content/plugins/seo-by-rank-math/includes/frontend/class-head.php(189): RankMath\Frontend\Head->do_action('head')
#11 /home/drbastaninejad/public_html/wp-includes/class-wp-hook.php(341): RankMath\Frontend\Head->head('')
#12 /home/drbastaninejad/public_html/wp-includes/class-wp-hook.php(365): WP_Hook->apply_filters(NULL, Array)
#13 /home/drbastaninejad/public_html/wp-includes/plugin.php(522): WP_Hook->do_action(Array)
#14 /home/drbastaninejad/public_html/wp-includes/general-template.php(3208): do_action('wp_head')
#15 /home/drbastaninejad/public_html/wp-content/themes/drbastaninejad-theme/header.php(6): wp_head()
#16 /home/drbastaninejad/public_html/wp-includes/template.php(814): require_once('/home/drbastani...')
#17 /home/drbastaninejad/public_html/wp-includes/template.php(749): load_template('/home/drbastani...', true, Array)
#18 /home/drbastaninejad/public_html/wp-includes/general-template.php(48): locate_template(Array, true, true, Array)
#19 /home/drbastaninejad/public_html/wp-content/themes/drbastaninejad-theme/page.php(1): get_header()
#20 /home/drbastaninejad/public_html/wp-includes/template-loader.php(132): include('/home/drbastani...')
#21 /home/drbastaninejad/public_html/wp-blog-header.php(19): require_once('/home/drbastani...')
#22 /home/drbastaninejad/public_html/index.php(17): require('/home/drbastani...')
#23 {main}
  thrown in /home/drbastaninejad/public_html/wp-content/plugins/seo-by-rank-math/includes/modules/schema/class-frontend.php on line 73
[14-Aug-2026 23:58:50 UTC] [DRB booking][BRIDGE-TLS] Dashboard request failed: cURL error 60: SSL: no alternative certificate subject name matches target host name 'dashboard.drbastaninejad.com'
[14-Aug-2026 23:59:19 UTC] [DRB booking][BRIDGE-TLS] Dashboard request failed: cURL error 60: SSL: no alternative certificate subject name matches target host name 'dashboard.drbastaninejad.com'
[15-Aug-2026 00:00:47 UTC] [DRB booking][BRIDGE-TLS] Dashboard request failed: cURL error 60: SSL: no alternative certificate subject name matches target host name 'dashboard.drbastaninejad.com'
[15-Aug-2026 04:08:23 UTC] [DRB booking][BRIDGE-TLS] Dashboard request failed: cURL error 60: SSL: no alternative certificate subject name matches target host name 'dashboard.drbastaninejad.com'
[15-Aug-2026 04:08:29 UTC] [DRB booking][BRIDGE-TLS] Dashboard request failed: cURL error 60: SSL: no alternative certificate subject name matches target host name 'dashboard.drbastaninejad.com'
[15-Aug-2026 04:08:37 UTC] [DRB booking][BRIDGE-TLS] Dashboard request failed: cURL error 60: SSL: no alternative certificate subject name matches target host name 'dashboard.drbastaninejad.com'
[15-Aug-2026 04:08:57 UTC] [DRB booking][BRIDGE-TLS] Dashboard request failed: cURL error 60: SSL: no alternative certificate subject name matches target host name 'dashboard.drbastaninejad.com'
[15-Aug-2026 04:09:15 UTC] [DRB booking][BRIDGE-TLS] Dashboard request failed: cURL error 60: SSL: no alternative certificate subject name matches target host name 'dashboard.drbastaninejad.com'
[15-Aug-2026 06:28:39 UTC] [DRB booking][BRIDGE-TLS] Dashboard request failed: cURL error 60: SSL: no alternative certificate subject name matches target host name 'dashboard.drbastaninejad.com'
[15-Aug-2026 06:30:03 UTC] [DRB booking][BRIDGE-TLS] Dashboard request failed: cURL error 60: SSL: no alternative certificate subject name matches target host name 'dashboard.drbastaninejad.com'
[15-Aug-2026 06:30:07 UTC] [DRB booking][BRIDGE-TLS] Dashboard request failed: cURL error 60: SSL: no alternative certificate subject name matches target host name 'dashboard.drbastaninejad.com'
[15-Aug-2026 07:01:27 UTC] [DRB booking][BRIDGE-TLS] Dashboard request failed: cURL error 60: SSL: no alternative certificate subject name matches target host name 'dashboard.drbastaninejad.com'
[15-Aug-2026 07:12:20 UTC] [DRB booking][BRIDGE-TLS] Dashboard request failed: cURL error 60: SSL: no alternative certificate subject name matches target host name 'dashboard.drbastaninejad.com'
[15-Aug-2026 07:12:25 UTC] [DRB booking][BRIDGE-TLS] Dashboard request failed: cURL error 60: SSL: no alternative certificate subject name matches target host name 'dashboard.drbastaninejad.com'
[15-Aug-2026 08:27:38 UTC] [DRB booking][BRIDGE-TLS] Dashboard request failed: cURL error 60: SSL: no alternative certificate subject name matches target host name 'dashboard.drbastaninejad.com'
[15-Aug-2026 08:28:02 UTC] [DRB booking][BRIDGE-TLS] Dashboard request failed: cURL error 60: SSL: no alternative certificate subject name matches target host name 'dashboard.drbastaninejad.com'
[15-Aug-2026 08:40:46 UTC] [DRB booking][BRIDGE-TLS] Dashboard request failed: cURL error 60: SSL: no alternative certificate subject name matches target host name 'dashboard.drbastaninejad.com'
[15-Aug-2026 08:54:21 UTC] [DRB booking][BRIDGE-TLS] Dashboard request failed: cURL error 60: SSL: no alternative certificate subject name matches target host name 'dashboard.drbastaninejad.com'
[15-Aug-2026 08:54:28 UTC] [DRB booking][BRIDGE-TLS] Dashboard request failed: cURL error 60: SSL: no alternative certificate subject name matches target host name 'dashboard.drbastaninejad.com'
[15-Aug-2026 09:07:50 UTC] [DRB booking][BRIDGE-TLS] Dashboard request failed: cURL error 60: SSL: no alternative certificate subject name matches target host name 'dashboard.drbastaninejad.com'
[15-Aug-2026 09:07:57 UTC] [DRB booking][BRIDGE-TLS] Dashboard request failed: cURL error 60: SSL: no alternative certificate subject name matches target host name 'dashboard.drbastaninejad.com'
[15-Aug-2026 09:39:19 UTC] [DRB booking][BRIDGE-TLS] Dashboard request failed: cURL error 60: SSL: no alternative certificate subject name matches target host name 'dashboard.drbastaninejad.com'
[15-Aug-2026 09:39:33 UTC] [DRB booking][BRIDGE-TLS] Dashboard request failed: cURL error 60: SSL: no alternative certificate subject name matches target host name 'dashboard.drbastaninejad.com'
[15-Aug-2026 09:39:37 UTC] [DRB booking][BRIDGE-TLS] Dashboard request failed: cURL error 60: SSL: no alternative certificate subject name matches target host name 'dashboard.drbastaninejad.com'
[15-Aug-2026 10:10:18 UTC] [DRB booking][BRIDGE-TLS] Dashboard request failed: cURL error 60: SSL: no alternative certificate subject name matches target host name 'dashboard.drbastaninejad.com'
[15-Aug-2026 10:16:39 UTC] [DRB booking][BRIDGE-TLS] Dashboard request failed: cURL error 60: SSL: no alternative certificate subject name matches target host name 'dashboard.drbastaninejad.com'
[15-Aug-2026 10:16:45 UTC] [DRB booking][BRIDGE-TLS] Dashboard request failed: cURL error 60: SSL: no alternative certificate subject name matches target host name 'dashboard.drbastaninejad.com'
[15-Aug-2026 10:17:07 UTC] [DRB booking][BRIDGE-TLS] Dashboard request failed: cURL error 60: SSL: no alternative certificate subject name matches target host name 'dashboard.drbastaninejad.com'
[15-Aug-2026 10:17:09 UTC] [DRB booking][BRIDGE-TLS] Dashboard request failed: cURL error 60: SSL: no alternative certificate subject name matches target host name 'dashboard.drbastaninejad.com'
[15-Aug-2026 10:54:49 UTC] [DRB booking][BRIDGE-TLS] Dashboard request failed: cURL error 60: SSL: no alternative certificate subject name matches target host name 'dashboard.drbastaninejad.com'
[15-Aug-2026 10:55:17 UTC] [DRB booking][BRIDGE-TLS] Dashboard request failed: cURL error 60: SSL: no alternative certificate subject name matches target host name 'dashboard.drbastaninejad.com'
[15-Aug-2026 10:55:21 UTC] [DRB booking][BRIDGE-TLS] Dashboard request failed: cURL error 60: SSL: no alternative certificate subject name matches target host name 'dashboard.drbastaninejad.com'
[15-Aug-2026 10:55:22 UTC] [DRB booking][BRIDGE-TLS] Dashboard request failed: cURL error 60: SSL: no alternative certificate subject name matches target host name 'dashboard.drbastaninejad.com'
[15-Aug-2026 11:35:55 UTC] [DRB booking][BRIDGE-TLS] Dashboard request failed: cURL error 60: SSL: no alternative certificate subject name matches target host name 'dashboard.drbastaninejad.com'
[15-Aug-2026 11:36:07 UTC] [DRB booking][BRIDGE-TLS] Dashboard request failed: cURL error 60: SSL: no alternative certificate subject name matches target host name 'dashboard.drbastaninejad.com'
[15-Aug-2026 11:36:17 UTC] [DRB booking][BRIDGE-TLS] Dashboard request failed: cURL error 60: SSL: no alternative certificate subject name matches target host name 'dashboard.drbastaninejad.com'
[15-Aug-2026 11:36:22 UTC] [DRB booking][BRIDGE-TLS] Dashboard request failed: cURL error 60: SSL: no alternative certificate subject name matches target host name 'dashboard.drbastaninejad.com'
[15-Aug-2026 11:36:33 UTC] [DRB booking][BRIDGE-TLS] Dashboard request failed: cURL error 60: SSL: no alternative certificate subject name matches target host name 'dashboard.drbastaninejad.com'
[15-Aug-2026 12:13:18 UTC] [DRB booking][BRIDGE-TLS] Dashboard request failed: cURL error 60: SSL: no alternative certificate subject name matches target host name 'dashboard.drbastaninejad.com'
[15-Aug-2026 12:13:28 UTC] [DRB booking][BRIDGE-TLS] Dashboard request failed: cURL error 60: SSL: no alternative certificate subject name matches target host name 'dashboard.drbastaninejad.com'
[15-Aug-2026 12:13:50 UTC] [DRB booking][BRIDGE-TLS] Dashboard request failed: cURL error 60: SSL: no alternative certificate subject name matches target host name 'dashboard.drbastaninejad.com'
[15-Aug-2026 12:14:29 UTC] [DRB booking][BRIDGE-TLS] Dashboard request failed: cURL error 60: SSL: no alternative certificate subject name matches target host name 'dashboard.drbastaninejad.com'
[15-Aug-2026 12:14:40 UTC] [DRB booking][BRIDGE-TLS] Dashboard request failed: cURL error 60: SSL: no alternative certificate subject name matches target host name 'dashboard.drbastaninejad.com'
[15-Aug-2026 12:22:35 UTC] PHP Fatal error:  Uncaught TypeError: Cannot access offset of type string on string in /home/drbastaninejad/public_html/wp-content/plugins/seo-by-rank-math/includes/modules/schema/class-frontend.php:73
Stack trace:
#0 [internal function]: RankMath\Schema\Frontend->RankMath\Schema\{closure}('a:7:{s:8:"metad...')
#1 /home/drbastaninejad/public_html/wp-content/plugins/seo-by-rank-math/includes/modules/schema/class-frontend.php(70): array_filter(Array, Object(Closure))
#2 /home/drbastaninejad/public_html/wp-includes/class-wp-hook.php(341): RankMath\Schema\Frontend->add_schema(Array, Object(RankMath\Schema\JsonLD))
#3 /home/drbastaninejad/public_html/wp-includes/plugin.php(256): WP_Hook->apply_filters(Array, Array)
#4 /home/drbastaninejad/public_html/wp-content/plugins/seo-by-rank-math/includes/traits/class-hooker.php(106): apply_filters_ref_array('rank_math/json_...', Array)
#5 /home/drbastaninejad/public_html/wp-content/plugins/seo-by-rank-math/includes/modules/schema/class-jsonld.php(149): RankMath\Schema\JsonLD->do_filter('json_ld', Array, Object(RankMath\Schema\JsonLD))
#6 /home/drbastaninejad/public_html/wp-includes/class-wp-hook.php(341): RankMath\Schema\JsonLD->json_ld()
#7 /home/drbastaninejad/public_html/wp-includes/class-wp-hook.php(365): WP_Hook->apply_filters(NULL, Array)
#8 /home/drbastaninejad/public_html/wp-includes/plugin.php(570): WP_Hook->do_action(Array)
#9 /home/drbastaninejad/public_html/wp-content/plugins/seo-by-rank-math/includes/traits/class-hooker.php(90): do_action_ref_array('rank_math/head', Array)
#10 /home/drbastaninejad/public_html/wp-content/plugins/seo-by-rank-math/includes/frontend/class-head.php(189): RankMath\Frontend\Head->do_action('head')
#11 /home/drbastaninejad/public_html/wp-includes/class-wp-hook.php(341): RankMath\Frontend\Head->head('')
#12 /home/drbastaninejad/public_html/wp-includes/class-wp-hook.php(365): WP_Hook->apply_filters(NULL, Array)
#13 /home/drbastaninejad/public_html/wp-includes/plugin.php(522): WP_Hook->do_action(Array)
#14 /home/drbastaninejad/public_html/wp-includes/general-template.php(3208): do_action('wp_head')
#15 /home/drbastaninejad/public_html/wp-content/themes/drbastaninejad-theme/header.php(6): wp_head()
#16 /home/drbastaninejad/public_html/wp-includes/template.php(814): require_once('/home/drbastani...')
#17 /home/drbastaninejad/public_html/wp-includes/template.php(749): load_template('/home/drbastani...', true, Array)
#18 /home/drbastaninejad/public_html/wp-includes/general-template.php(48): locate_template(Array, true, true, Array)
#19 /home/drbastaninejad/public_html/wp-content/themes/drbastaninejad-theme/page.php(1): get_header()
#20 /home/drbastaninejad/public_html/wp-includes/template-loader.php(132): include('/home/drbastani...')
#21 /home/drbastaninejad/public_html/wp-blog-header.php(19): require_once('/home/drbastani...')
#22 /home/drbastaninejad/public_html/index.php(17): require('/home/drbastani...')
#23 {main}
  thrown in /home/drbastaninejad/public_html/wp-content/plugins/seo-by-rank-math/includes/modules/schema/class-frontend.php on line 73
[15-Aug-2026 12:54:55 UTC] [DRB booking][BRIDGE-TLS] Dashboard request failed: cURL error 60: SSL: no alternative certificate subject name matches target host name 'dashboard.drbastaninejad.com'
[15-Aug-2026 12:58:01 UTC] PHP Fatal error:  Uncaught TypeError: Cannot access offset of type string on string in /home/drbastaninejad/public_html/wp-content/plugins/seo-by-rank-math/includes/modules/schema/class-frontend.php:73
Stack trace:
#0 [internal function]: RankMath\Schema\Frontend->RankMath\Schema\{closure}('a:7:{s:8:"metad...')
#1 /home/drbastaninejad/public_html/wp-content/plugins/seo-by-rank-math/includes/modules/schema/class-frontend.php(70): array_filter(Array, Object(Closure))
#2 /home/drbastaninejad/public_html/wp-includes/class-wp-hook.php(341): RankMath\Schema\Frontend->add_schema(Array, Object(RankMath\Schema\JsonLD))
#3 /home/drbastaninejad/public_html/wp-includes/plugin.php(256): WP_Hook->apply_filters(Array, Array)
#4 /home/drbastaninejad/public_html/wp-content/plugins/seo-by-rank-math/includes/traits/class-hooker.php(106): apply_filters_ref_array('rank_math/json_...', Array)
#5 /home/drbastaninejad/public_html/wp-content/plugins/seo-by-rank-math/includes/modules/schema/class-jsonld.php(149): RankMath\Schema\JsonLD->do_filter('json_ld', Array, Object(RankMath\Schema\JsonLD))
#6 /home/drbastaninejad/public_html/wp-includes/class-wp-hook.php(341): RankMath\Schema\JsonLD->json_ld()
#7 /home/drbastaninejad/public_html/wp-includes/class-wp-hook.php(365): WP_Hook->apply_filters(NULL, Array)
#8 /home/drbastaninejad/public_html/wp-includes/plugin.php(570): WP_Hook->do_action(Array)
#9 /home/drbastaninejad/public_html/wp-content/plugins/seo-by-rank-math/includes/traits/class-hooker.php(90): do_action_ref_array('rank_math/head', Array)
#10 /home/drbastaninejad/public_html/wp-content/plugins/seo-by-rank-math/includes/frontend/class-head.php(189): RankMath\Frontend\Head->do_action('head')
#11 /home/drbastaninejad/public_html/wp-includes/class-wp-hook.php(341): RankMath\Frontend\Head->head('')
#12 /home/drbastaninejad/public_html/wp-includes/class-wp-hook.php(365): WP_Hook->apply_filters(NULL, Array)
#13 /home/drbastaninejad/public_html/wp-includes/plugin.php(522): WP_Hook->do_action(Array)
#14 /home/drbastaninejad/public_html/wp-includes/general-template.php(3208): do_action('wp_head')
#15 /home/drbastaninejad/public_html/wp-content/themes/drbastaninejad-theme/header.php(6): wp_head()
#16 /home/drbastaninejad/public_html/wp-includes/template.php(814): require_once('/home/drbastani...')
#17 /home/drbastaninejad/public_html/wp-includes/template.php(749): load_template('/home/drbastani...', true, Array)
#18 /home/drbastaninejad/public_html/wp-includes/general-template.php(48): locate_template(Array, true, true, Array)
#19 /home/drbastaninejad/public_html/wp-content/themes/drbastaninejad-theme/page.php(1): get_header()
#20 /home/drbastaninejad/public_html/wp-includes/template-loader.php(132): include('/home/drbastani...')
#21 /home/drbastaninejad/public_html/wp-blog-header.php(19): require_once('/home/drbastani...')
#22 /home/drbastaninejad/public_html/index.php(17): require('/home/drbastani...')
#23 {main}
  thrown in /home/drbastaninejad/public_html/wp-content/plugins/seo-by-rank-math/includes/modules/schema/class-frontend.php on line 73
[15-Aug-2026 12:58:18 UTC] PHP Fatal error:  Uncaught TypeError: Cannot access offset of type string on string in /home/drbastaninejad/public_html/wp-content/plugins/seo-by-rank-math/includes/modules/schema/class-frontend.php:73
Stack trace:
#0 [internal function]: RankMath\Schema\Frontend->RankMath\Schema\{closure}('a:7:{s:8:"metad...')
#1 /home/drbastaninejad/public_html/wp-content/plugins/seo-by-rank-math/includes/modules/schema/class-frontend.php(70): array_filter(Array, Object(Closure))
#2 /home/drbastaninejad/public_html/wp-includes/class-wp-hook.php(341): RankMath\Schema\Frontend->add_schema(Array, Object(RankMath\Schema\JsonLD))
#3 /home/drbastaninejad/public_html/wp-includes/plugin.php(256): WP_Hook->apply_filters(Array, Array)
#4 /home/drbastaninejad/public_html/wp-content/plugins/seo-by-rank-math/includes/traits/class-hooker.php(106): apply_filters_ref_array('rank_math/json_...', Array)
#5 /home/drbastaninejad/public_html/wp-content/plugins/seo-by-rank-math/includes/modules/schema/class-jsonld.php(149): RankMath\Schema\JsonLD->do_filter('json_ld', Array, Object(RankMath\Schema\JsonLD))
#6 /home/drbastaninejad/public_html/wp-includes/class-wp-hook.php(341): RankMath\Schema\JsonLD->json_ld()
#7 /home/drbastaninejad/public_html/wp-includes/class-wp-hook.php(365): WP_Hook->apply_filters(NULL, Array)
#8 /home/drbastaninejad/public_html/wp-includes/plugin.php(570): WP_Hook->do_action(Array)
#9 /home/drbastaninejad/public_html/wp-content/plugins/seo-by-rank-math/includes/traits/class-hooker.php(90): do_action_ref_array('rank_math/head', Array)
#10 /home/drbastaninejad/public_html/wp-content/plugins/seo-by-rank-math/includes/frontend/class-head.php(189): RankMath\Frontend\Head->do_action('head')
#11 /home/drbastaninejad/public_html/wp-includes/class-wp-hook.php(341): RankMath\Frontend\Head->head('')
#12 /home/drbastaninejad/public_html/wp-includes/class-wp-hook.php(365): WP_Hook->apply_filters(NULL, Array)
#13 /home/drbastaninejad/public_html/wp-includes/plugin.php(522): WP_Hook->do_action(Array)
#14 /home/drbastaninejad/public_html/wp-includes/general-template.php(3208): do_action('wp_head')
#15 /home/drbastaninejad/public_html/wp-content/themes/drbastaninejad-theme/header.php(6): wp_head()
#16 /home/drbastaninejad/public_html/wp-includes/template.php(814): require_once('/home/drbastani...')
#17 /home/drbastaninejad/public_html/wp-includes/template.php(749): load_template('/home/drbastani...', true, Array)
#18 /home/drbastaninejad/public_html/wp-includes/general-template.php(48): locate_template(Array, true, true, Array)
#19 /home/drbastaninejad/public_html/wp-content/themes/drbastaninejad-theme/page.php(1): get_header()
#20 /home/drbastaninejad/public_html/wp-includes/template-loader.php(132): include('/home/drbastani...')
#21 /home/drbastaninejad/public_html/wp-blog-header.php(19): require_once('/home/drbastani...')
#22 /home/drbastaninejad/public_html/index.php(17): require('/home/drbastani...')
#23 {main}
  thrown in /home/drbastaninejad/public_html/wp-content/plugins/seo-by-rank-math/includes/modules/schema/class-frontend.php on line 73
[15-Aug-2026 12:58:19 UTC] PHP Fatal error:  Uncaught TypeError: Cannot access offset of type string on string in /home/drbastaninejad/public_html/wp-content/plugins/seo-by-rank-math/includes/modules/schema/class-frontend.php:73
Stack trace:
#0 [internal function]: RankMath\Schema\Frontend->RankMath\Schema\{closure}('a:7:{s:8:"metad...')
#1 /home/drbastaninejad/public_html/wp-content/plugins/seo-by-rank-math/includes/modules/schema/class-frontend.php(70): array_filter(Array, Object(Closure))
#2 /home/drbastaninejad/public_html/wp-includes/class-wp-hook.php(341): RankMath\Schema\Frontend->add_schema(Array, Object(RankMath\Schema\JsonLD))
#3 /home/drbastaninejad/public_html/wp-includes/plugin.php(256): WP_Hook->apply_filters(Array, Array)
#4 /home/drbastaninejad/public_html/wp-content/plugins/seo-by-rank-math/includes/traits/class-hooker.php(106): apply_filters_ref_array('rank_math/json_...', Array)
#5 /home/drbastaninejad/public_html/wp-content/plugins/seo-by-rank-math/includes/modules/schema/class-jsonld.php(149): RankMath\Schema\JsonLD->do_filter('json_ld', Array, Object(RankMath\Schema\JsonLD))
#6 /home/drbastaninejad/public_html/wp-includes/class-wp-hook.php(341): RankMath\Schema\JsonLD->json_ld()
#7 /home/drbastaninejad/public_html/wp-includes/class-wp-hook.php(365): WP_Hook->apply_filters(NULL, Array)
#8 /home/drbastaninejad/public_html/wp-includes/plugin.php(570): WP_Hook->do_action(Array)
#9 /home/drbastaninejad/public_html/wp-content/plugins/seo-by-rank-math/includes/traits/class-hooker.php(90): do_action_ref_array('rank_math/head', Array)
#10 /home/drbastaninejad/public_html/wp-content/plugins/seo-by-rank-math/includes/frontend/class-head.php(189): RankMath\Frontend\Head->do_action('head')
#11 /home/drbastaninejad/public_html/wp-includes/class-wp-hook.php(341): RankMath\Frontend\Head->head('')
#12 /home/drbastaninejad/public_html/wp-includes/class-wp-hook.php(365): WP_Hook->apply_filters(NULL, Array)
#13 /home/drbastaninejad/public_html/wp-includes/plugin.php(522): WP_Hook->do_action(Array)
#14 /home/drbastaninejad/public_html/wp-includes/general-template.php(3208): do_action('wp_head')
#15 /home/drbastaninejad/public_html/wp-content/themes/drbastaninejad-theme/header.php(6): wp_head()
#16 /home/drbastaninejad/public_html/wp-includes/template.php(814): require_once('/home/drbastani...')
#17 /home/drbastaninejad/public_html/wp-includes/template.php(749): load_template('/home/drbastani...', true, Array)
#18 /home/drbastaninejad/public_html/wp-includes/general-template.php(48): locate_template(Array, true, true, Array)
#19 /home/drbastaninejad/public_html/wp-content/themes/drbastaninejad-theme/page.php(1): get_header()
#20 /home/drbastaninejad/public_html/wp-includes/template-loader.php(132): include('/home/drbastani...')
#21 /home/drbastaninejad/public_html/wp-blog-header.php(19): require_once('/home/drbastani...')
#22 /home/drbastaninejad/public_html/index.php(17): require('/home/drbastani...')
#23 {main}
  thrown in /home/drbastaninejad/public_html/wp-content/plugins/seo-by-rank-math/includes/modules/schema/class-frontend.php on line 73
[15-Aug-2026 12:58:20 UTC] PHP Fatal error:  Uncaught TypeError: Cannot access offset of type string on string in /home/drbastaninejad/public_html/wp-content/plugins/seo-by-rank-math/includes/modules/schema/class-frontend.php:73
Stack trace:
#0 [internal function]: RankMath\Schema\Frontend->RankMath\Schema\{closure}('a:7:{s:8:"metad...')
#1 /home/drbastaninejad/public_html/wp-content/plugins/seo-by-rank-math/includes/modules/schema/class-frontend.php(70): array_filter(Array, Object(Closure))
#2 /home/drbastaninejad/public_html/wp-includes/class-wp-hook.php(341): RankMath\Schema\Frontend->add_schema(Array, Object(RankMath\Schema\JsonLD))
#3 /home/drbastaninejad/public_html/wp-includes/plugin.php(256): WP_Hook->apply_filters(Array, Array)
#4 /home/drbastaninejad/public_html/wp-content/plugins/seo-by-rank-math/includes/traits/class-hooker.php(106): apply_filters_ref_array('rank_math/json_...', Array)
#5 /home/drbastaninejad/public_html/wp-content/plugins/seo-by-rank-math/includes/modules/schema/class-jsonld.php(149): RankMath\Schema\JsonLD->do_filter('json_ld', Array, Object(RankMath\Schema\JsonLD))
#6 /home/drbastaninejad/public_html/wp-includes/class-wp-hook.php(341): RankMath\Schema\JsonLD->json_ld()
#7 /home/drbastaninejad/public_html/wp-includes/class-wp-hook.php(365): WP_Hook->apply_filters(NULL, Array)
#8 /home/drbastaninejad/public_html/wp-includes/plugin.php(570): WP_Hook->do_action(Array)
#9 /home/drbastaninejad/public_html/wp-content/plugins/seo-by-rank-math/includes/traits/class-hooker.php(90): do_action_ref_array('rank_math/head', Array)
#10 /home/drbastaninejad/public_html/wp-content/plugins/seo-by-rank-math/includes/frontend/class-head.php(189): RankMath\Frontend\Head->do_action('head')
#11 /home/drbastaninejad/public_html/wp-includes/class-wp-hook.php(341): RankMath\Frontend\Head->head('')
#12 /home/drbastaninejad/public_html/wp-includes/class-wp-hook.php(365): WP_Hook->apply_filters(NULL, Array)
#13 /home/drbastaninejad/public_html/wp-includes/plugin.php(522): WP_Hook->do_action(Array)
#14 /home/drbastaninejad/public_html/wp-includes/general-template.php(3208): do_action('wp_head')
#15 /home/drbastaninejad/public_html/wp-content/themes/drbastaninejad-theme/header.php(6): wp_head()
#16 /home/drbastaninejad/public_html/wp-includes/template.php(814): require_once('/home/drbastani...')
#17 /home/drbastaninejad/public_html/wp-includes/template.php(749): load_template('/home/drbastani...', true, Array)
#18 /home/drbastaninejad/public_html/wp-includes/general-template.php(48): locate_template(Array, true, true, Array)
#19 /home/drbastaninejad/public_html/wp-content/themes/drbastaninejad-theme/page.php(1): get_header()
#20 /home/drbastaninejad/public_html/wp-includes/template-loader.php(132): include('/home/drbastani...')
#21 /home/drbastaninejad/public_html/wp-blog-header.php(19): require_once('/home/drbastani...')
#22 /home/drbastaninejad/public_html/index.php(17): require('/home/drbastani...')
#23 {main}
  thrown in /home/drbastaninejad/public_html/wp-content/plugins/seo-by-rank-math/includes/modules/schema/class-frontend.php on line 73
[15-Aug-2026 13:15:01 UTC] [DRB booking][BRIDGE-TLS] Dashboard request failed: cURL error 60: SSL: no alternative certificate subject name matches target host name 'dashboard.drbastaninejad.com'
[15-Aug-2026 13:15:07 UTC] [DRB booking][BRIDGE-TLS] Dashboard request failed: cURL error 60: SSL: no alternative certificate subject name matches target host name 'dashboard.drbastaninejad.com'
[15-Aug-2026 13:15:11 UTC] [DRB booking][BRIDGE-TLS] Dashboard request failed: cURL error 60: SSL: no alternative certificate subject name matches target host name 'dashboard.drbastaninejad.com'
[15-Aug-2026 13:15:14 UTC] [DRB booking][BRIDGE-TLS] Dashboard request failed: cURL error 60: SSL: no alternative certificate subject name matches target host name 'dashboard.drbastaninejad.com'
[15-Aug-2026 13:25:34 UTC] PHP Fatal error:  Uncaught TypeError: Cannot access offset of type string on string in /home/drbastaninejad/public_html/wp-content/plugins/seo-by-rank-math/includes/modules/schema/class-frontend.php:73
Stack trace:
#0 [internal function]: RankMath\Schema\Frontend->RankMath\Schema\{closure}('a:7:{s:8:"metad...')
#1 /home/drbastaninejad/public_html/wp-content/plugins/seo-by-rank-math/includes/modules/schema/class-frontend.php(70): array_filter(Array, Object(Closure))
#2 /home/drbastaninejad/public_html/wp-includes/class-wp-hook.php(341): RankMath\Schema\Frontend->add_schema(Array, Object(RankMath\Schema\JsonLD))
#3 /home/drbastaninejad/public_html/wp-includes/plugin.php(256): WP_Hook->apply_filters(Array, Array)
#4 /home/drbastaninejad/public_html/wp-content/plugins/seo-by-rank-math/includes/traits/class-hooker.php(106): apply_filters_ref_array('rank_math/json_...', Array)
#5 /home/drbastaninejad/public_html/wp-content/plugins/seo-by-rank-math/includes/modules/schema/class-jsonld.php(149): RankMath\Schema\JsonLD->do_filter('json_ld', Array, Object(RankMath\Schema\JsonLD))
#6 /home/drbastaninejad/public_html/wp-includes/class-wp-hook.php(341): RankMath\Schema\JsonLD->json_ld()
#7 /home/drbastaninejad/public_html/wp-includes/class-wp-hook.php(365): WP_Hook->apply_filters(NULL, Array)
#8 /home/drbastaninejad/public_html/wp-includes/plugin.php(570): WP_Hook->do_action(Array)
#9 /home/drbastaninejad/public_html/wp-content/plugins/seo-by-rank-math/includes/traits/class-hooker.php(90): do_action_ref_array('rank_math/head', Array)
#10 /home/drbastaninejad/public_html/wp-content/plugins/seo-by-rank-math/includes/frontend/class-head.php(189): RankMath\Frontend\Head->do_action('head')
#11 /home/drbastaninejad/public_html/wp-includes/class-wp-hook.php(341): RankMath\Frontend\Head->head('')
#12 /home/drbastaninejad/public_html/wp-includes/class-wp-hook.php(365): WP_Hook->apply_filters(NULL, Array)
#13 /home/drbastaninejad/public_html/wp-includes/plugin.php(522): WP_Hook->do_action(Array)
#14 /home/drbastaninejad/public_html/wp-includes/general-template.php(3208): do_action('wp_head')
#15 /home/drbastaninejad/public_html/wp-content/themes/drbastaninejad-theme/header.php(6): wp_head()
#16 /home/drbastaninejad/public_html/wp-includes/template.php(814): require_once('/home/drbastani...')
#17 /home/drbastaninejad/public_html/wp-includes/template.php(749): load_template('/home/drbastani...', true, Array)
#18 /home/drbastaninejad/public_html/wp-includes/general-template.php(48): locate_template(Array, true, true, Array)
#19 /home/drbastaninejad/public_html/wp-content/themes/drbastaninejad-theme/page.php(1): get_header()
#20 /home/drbastaninejad/public_html/wp-includes/template-loader.php(132): include('/home/drbastani...')
#21 /home/drbastaninejad/public_html/wp-blog-header.php(19): require_once('/home/drbastani...')
#22 /home/drbastaninejad/public_html/index.php(17): require('/home/drbastani...')
#23 {main}
  thrown in /home/drbastaninejad/public_html/wp-content/plugins/seo-by-rank-math/includes/modules/schema/class-frontend.php on line 73
[15-Aug-2026 13:53:13 UTC] [DRB booking][BRIDGE-TLS] Dashboard request failed: cURL error 60: SSL: no alternative certificate subject name matches target host name 'dashboard.drbastaninejad.com'
[15-Aug-2026 13:53:38 UTC] [DRB booking][BRIDGE-TLS] Dashboard request failed: cURL error 60: SSL: no alternative certificate subject name matches target host name 'dashboard.drbastaninejad.com'
[15-Aug-2026 13:54:28 UTC] [DRB booking][BRIDGE-TLS] Dashboard request failed: cURL error 60: SSL: no alternative certificate subject name matches target host name 'dashboard.drbastaninejad.com'
[15-Aug-2026 14:08:55 UTC] [DRB booking][BRIDGE-TLS] Dashboard request failed: cURL error 60: SSL: no alternative certificate subject name matches target host name 'dashboard.drbastaninejad.com'
[15-Aug-2026 14:24:42 UTC] [DRB booking][BRIDGE-TLS] Dashboard request failed: cURL error 60: SSL: no alternative certificate subject name matches target host name 'dashboard.drbastaninejad.com'
[15-Aug-2026 14:35:18 UTC] [DRB booking][BRIDGE-TLS] Dashboard request failed: cURL error 60: SSL: no alternative certificate subject name matches target host name 'dashboard.drbastaninejad.com'
[15-Aug-2026 14:48:20 UTC] [DRB booking][BRIDGE-TLS] Dashboard request failed: cURL error 60: SSL: no alternative certificate subject name matches target host name 'dashboard.drbastaninejad.com'
[15-Aug-2026 14:48:27 UTC] [DRB booking][BRIDGE-TLS] Dashboard request failed: cURL error 60: SSL: no alternative certificate subject name matches target host name 'dashboard.drbastaninejad.com'
[15-Aug-2026 14:48:30 UTC] [DRB booking][BRIDGE-TLS] Dashboard request failed: cURL error 60: SSL: no alternative certificate subject name matches target host name 'dashboard.drbastaninejad.com'
[15-Aug-2026 15:31:21 UTC] [DRB booking][BRIDGE-TLS] Dashboard request failed: cURL error 60: SSL: no alternative certificate subject name matches target host name 'dashboard.drbastaninejad.com'
[15-Aug-2026 15:31:35 UTC] [DRB booking][BRIDGE-TLS] Dashboard request failed: cURL error 60: SSL: no alternative certificate subject name matches target host name 'dashboard.drbastaninejad.com'
[15-Aug-2026 15:51:29 UTC] PHP Fatal error:  Uncaught TypeError: Cannot access offset of type string on string in /home/drbastaninejad/public_html/wp-content/plugins/seo-by-rank-math/includes/modules/schema/class-frontend.php:73
Stack trace:
#0 [internal function]: RankMath\Schema\Frontend->RankMath\Schema\{closure}('a:7:{s:8:"metad...')
#1 /home/drbastaninejad/public_html/wp-content/plugins/seo-by-rank-math/includes/modules/schema/class-frontend.php(70): array_filter(Array, Object(Closure))
#2 /home/drbastaninejad/public_html/wp-includes/class-wp-hook.php(341): RankMath\Schema\Frontend->add_schema(Array, Object(RankMath\Schema\JsonLD))
#3 /home/drbastaninejad/public_html/wp-includes/plugin.php(256): WP_Hook->apply_filters(Array, Array)
#4 /home/drbastaninejad/public_html/wp-content/plugins/seo-by-rank-math/includes/traits/class-hooker.php(106): apply_filters_ref_array('rank_math/json_...', Array)
#5 /home/drbastaninejad/public_html/wp-content/plugins/seo-by-rank-math/includes/modules/schema/class-jsonld.php(149): RankMath\Schema\JsonLD->do_filter('json_ld', Array, Object(RankMath\Schema\JsonLD))
#6 /home/drbastaninejad/public_html/wp-includes/class-wp-hook.php(341): RankMath\Schema\JsonLD->json_ld()
#7 /home/drbastaninejad/public_html/wp-includes/class-wp-hook.php(365): WP_Hook->apply_filters(NULL, Array)
#8 /home/drbastaninejad/public_html/wp-includes/plugin.php(570): WP_Hook->do_action(Array)
#9 /home/drbastaninejad/public_html/wp-content/plugins/seo-by-rank-math/includes/traits/class-hooker.php(90): do_action_ref_array('rank_math/head', Array)
#10 /home/drbastaninejad/public_html/wp-content/plugins/seo-by-rank-math/includes/frontend/class-head.php(189): RankMath\Frontend\Head->do_action('head')
#11 /home/drbastaninejad/public_html/wp-includes/class-wp-hook.php(341): RankMath\Frontend\Head->head('')
#12 /home/drbastaninejad/public_html/wp-includes/class-wp-hook.php(365): WP_Hook->apply_filters(NULL, Array)
#13 /home/drbastaninejad/public_html/wp-includes/plugin.php(522): WP_Hook->do_action(Array)
#14 /home/drbastaninejad/public_html/wp-includes/general-template.php(3208): do_action('wp_head')
#15 /home/drbastaninejad/public_html/wp-content/themes/drbastaninejad-theme/header.php(6): wp_head()
#16 /home/drbastaninejad/public_html/wp-includes/template.php(814): require_once('/home/drbastani...')
#17 /home/drbastaninejad/public_html/wp-includes/template.php(749): load_template('/home/drbastani...', true, Array)
#18 /home/drbastaninejad/public_html/wp-includes/general-template.php(48): locate_template(Array, true, true, Array)
#19 /home/drbastaninejad/public_html/wp-content/themes/drbastaninejad-theme/page.php(1): get_header()
#20 /home/drbastaninejad/public_html/wp-includes/template-loader.php(132): include('/home/drbastani...')
#21 /home/drbastaninejad/public_html/wp-blog-header.php(19): require_once('/home/drbastani...')
#22 /home/drbastaninejad/public_html/index.php(17): require('/home/drbastani...')
#23 {main}
  thrown in /home/drbastaninejad/public_html/wp-content/plugins/seo-by-rank-math/includes/modules/schema/class-frontend.php on line 73
[15-Aug-2026 15:56:46 UTC] PHP Fatal error:  Uncaught TypeError: Cannot access offset of type string on string in /home/drbastaninejad/public_html/wp-content/plugins/seo-by-rank-math/includes/modules/schema/class-frontend.php:73
Stack trace:
#0 [internal function]: RankMath\Schema\Frontend->RankMath\Schema\{closure}('a:7:{s:8:"metad...')
#1 /home/drbastaninejad/public_html/wp-content/plugins/seo-by-rank-math/includes/modules/schema/class-frontend.php(70): array_filter(Array, Object(Closure))
#2 /home/drbastaninejad/public_html/wp-includes/class-wp-hook.php(341): RankMath\Schema\Frontend->add_schema(Array, Object(RankMath\Schema\JsonLD))
#3 /home/drbastaninejad/public_html/wp-includes/plugin.php(256): WP_Hook->apply_filters(Array, Array)
#4 /home/drbastaninejad/public_html/wp-content/plugins/seo-by-rank-math/includes/traits/class-hooker.php(106): apply_filters_ref_array('rank_math/json_...', Array)
#5 /home/drbastaninejad/public_html/wp-content/plugins/seo-by-rank-math/includes/modules/schema/class-jsonld.php(149): RankMath\Schema\JsonLD->do_filter('json_ld', Array, Object(RankMath\Schema\JsonLD))
#6 /home/drbastaninejad/public_html/wp-includes/class-wp-hook.php(341): RankMath\Schema\JsonLD->json_ld()
#7 /home/drbastaninejad/public_html/wp-includes/class-wp-hook.php(365): WP_Hook->apply_filters(NULL, Array)
#8 /home/drbastaninejad/public_html/wp-includes/plugin.php(570): WP_Hook->do_action(Array)
#9 /home/drbastaninejad/public_html/wp-content/plugins/seo-by-rank-math/includes/traits/class-hooker.php(90): do_action_ref_array('rank_math/head', Array)
#10 /home/drbastaninejad/public_html/wp-content/plugins/seo-by-rank-math/includes/frontend/class-head.php(189): RankMath\Frontend\Head->do_action('head')
#11 /home/drbastaninejad/public_html/wp-includes/class-wp-hook.php(341): RankMath\Frontend\Head->head('')
#12 /home/drbastaninejad/public_html/wp-includes/class-wp-hook.php(365): WP_Hook->apply_filters(NULL, Array)
#13 /home/drbastaninejad/public_html/wp-includes/plugin.php(522): WP_Hook->do_action(Array)
#14 /home/drbastaninejad/public_html/wp-includes/general-template.php(3208): do_action('wp_head')
#15 /home/drbastaninejad/public_html/wp-content/themes/drbastaninejad-theme/header.php(6): wp_head()
#16 /home/drbastaninejad/public_html/wp-includes/template.php(814): require_once('/home/drbastani...')
#17 /home/drbastaninejad/public_html/wp-includes/template.php(749): load_template('/home/drbastani...', true, Array)
#18 /home/drbastaninejad/public_html/wp-includes/general-template.php(48): locate_template(Array, true, true, Array)
#19 /home/drbastaninejad/public_html/wp-content/themes/drbastaninejad-theme/page.php(1): get_header()
#20 /home/drbastaninejad/public_html/wp-includes/template-loader.php(132): include('/home/drbastani...')
#21 /home/drbastaninejad/public_html/wp-blog-header.php(19): require_once('/home/drbastani...')
#22 /home/drbastaninejad/public_html/index.php(17): require('/home/drbastani...')
#23 {main}
  thrown in /home/drbastaninejad/public_html/wp-content/plugins/seo-by-rank-math/includes/modules/schema/class-frontend.php on line 73
[15-Aug-2026 16:31:41 UTC] PHP Fatal error:  Uncaught TypeError: Cannot access offset of type string on string in /home/drbastaninejad/public_html/wp-content/plugins/seo-by-rank-math/includes/modules/schema/class-frontend.php:73
Stack trace:
#0 [internal function]: RankMath\Schema\Frontend->RankMath\Schema\{closure}('a:7:{s:8:"metad...')
#1 /home/drbastaninejad/public_html/wp-content/plugins/seo-by-rank-math/includes/modules/schema/class-frontend.php(70): array_filter(Array, Object(Closure))
#2 /home/drbastaninejad/public_html/wp-includes/class-wp-hook.php(341): RankMath\Schema\Frontend->add_schema(Array, Object(RankMath\Schema\JsonLD))
#3 /home/drbastaninejad/public_html/wp-includes/plugin.php(256): WP_Hook->apply_filters(Array, Array)
#4 /home/drbastaninejad/public_html/wp-content/plugins/seo-by-rank-math/includes/traits/class-hooker.php(106): apply_filters_ref_array('rank_math/json_...', Array)
#5 /home/drbastaninejad/public_html/wp-content/plugins/seo-by-rank-math/includes/modules/schema/class-jsonld.php(149): RankMath\Schema\JsonLD->do_filter('json_ld', Array, Object(RankMath\Schema\JsonLD))
#6 /home/drbastaninejad/public_html/wp-includes/class-wp-hook.php(341): RankMath\Schema\JsonLD->json_ld()
#7 /home/drbastaninejad/public_html/wp-includes/class-wp-hook.php(365): WP_Hook->apply_filters(NULL, Array)
#8 /home/drbastaninejad/public_html/wp-includes/plugin.php(570): WP_Hook->do_action(Array)
#9 /home/drbastaninejad/public_html/wp-content/plugins/seo-by-rank-math/includes/traits/class-hooker.php(90): do_action_ref_array('rank_math/head', Array)
#10 /home/drbastaninejad/public_html/wp-content/plugins/seo-by-rank-math/includes/frontend/class-head.php(189): RankMath\Frontend\Head->do_action('head')
#11 /home/drbastaninejad/public_html/wp-includes/class-wp-hook.php(341): RankMath\Frontend\Head->head('')
#12 /home/drbastaninejad/public_html/wp-includes/class-wp-hook.php(365): WP_Hook->apply_filters(NULL, Array)
#13 /home/drbastaninejad/public_html/wp-includes/plugin.php(522): WP_Hook->do_action(Array)
#14 /home/drbastaninejad/public_html/wp-includes/general-template.php(3208): do_action('wp_head')
#15 /home/drbastaninejad/public_html/wp-content/themes/drbastaninejad-theme/header.php(6): wp_head()
#16 /home/drbastaninejad/public_html/wp-includes/template.php(814): require_once('/home/drbastani...')
#17 /home/drbastaninejad/public_html/wp-includes/template.php(749): load_template('/home/drbastani...', true, Array)
#18 /home/drbastaninejad/public_html/wp-includes/general-template.php(48): locate_template(Array, true, true, Array)
#19 /home/drbastaninejad/public_html/wp-content/themes/drbastaninejad-theme/page.php(1): get_header()
#20 /home/drbastaninejad/public_html/wp-includes/template-loader.php(132): include('/home/drbastani...')
#21 /home/drbastaninejad/public_html/wp-blog-header.php(19): require_once('/home/drbastani...')
#22 /home/drbastaninejad/public_html/index.php(17): require('/home/drbastani...')
#23 {main}
  thrown in /home/drbastaninejad/public_html/wp-content/plugins/seo-by-rank-math/includes/modules/schema/class-frontend.php on line 73
[15-Aug-2026 17:32:19 UTC] PHP Fatal error:  Uncaught TypeError: Cannot access offset of type string on string in /home/drbastaninejad/public_html/wp-content/plugins/seo-by-rank-math/includes/modules/schema/class-frontend.php:73
Stack trace:
#0 [internal function]: RankMath\Schema\Frontend->RankMath\Schema\{closure}('a:7:{s:8:"metad...')
#1 /home/drbastaninejad/public_html/wp-content/plugins/seo-by-rank-math/includes/modules/schema/class-frontend.php(70): array_filter(Array, Object(Closure))
#2 /home/drbastaninejad/public_html/wp-includes/class-wp-hook.php(341): RankMath\Schema\Frontend->add_schema(Array, Object(RankMath\Schema\JsonLD))
#3 /home/drbastaninejad/public_html/wp-includes/plugin.php(256): WP_Hook->apply_filters(Array, Array)
#4 /home/drbastaninejad/public_html/wp-content/plugins/seo-by-rank-math/includes/traits/class-hooker.php(106): apply_filters_ref_array('rank_math/json_...', Array)
#5 /home/drbastaninejad/public_html/wp-content/plugins/seo-by-rank-math/includes/modules/schema/class-jsonld.php(149): RankMath\Schema\JsonLD->do_filter('json_ld', Array, Object(RankMath\Schema\JsonLD))
#6 /home/drbastaninejad/public_html/wp-includes/class-wp-hook.php(341): RankMath\Schema\JsonLD->json_ld()
#7 /home/drbastaninejad/public_html/wp-includes/class-wp-hook.php(365): WP_Hook->apply_filters(NULL, Array)
#8 /home/drbastaninejad/public_html/wp-includes/plugin.php(570): WP_Hook->do_action(Array)
#9 /home/drbastaninejad/public_html/wp-content/plugins/seo-by-rank-math/includes/traits/class-hooker.php(90): do_action_ref_array('rank_math/head', Array)
#10 /home/drbastaninejad/public_html/wp-content/plugins/seo-by-rank-math/includes/frontend/class-head.php(189): RankMath\Frontend\Head->do_action('head')
#11 /home/drbastaninejad/public_html/wp-includes/class-wp-hook.php(341): RankMath\Frontend\Head->head('')
#12 /home/drbastaninejad/public_html/wp-includes/class-wp-hook.php(365): WP_Hook->apply_filters(NULL, Array)
#13 /home/drbastaninejad/public_html/wp-includes/plugin.php(522): WP_Hook->do_action(Array)
#14 /home/drbastaninejad/public_html/wp-includes/general-template.php(3208): do_action('wp_head')
#15 /home/drbastaninejad/public_html/wp-content/themes/drbastaninejad-theme/header.php(6): wp_head()
#16 /home/drbastaninejad/public_html/wp-includes/template.php(814): require_once('/home/drbastani...')
#17 /home/drbastaninejad/public_html/wp-includes/template.php(749): load_template('/home/drbastani...', true, Array)
#18 /home/drbastaninejad/public_html/wp-includes/general-template.php(48): locate_template(Array, true, true, Array)
#19 /home/drbastaninejad/public_html/wp-content/themes/drbastaninejad-theme/page.php(1): get_header()
#20 /home/drbastaninejad/public_html/wp-includes/template-loader.php(132): include('/home/drbastani...')
#21 /home/drbastaninejad/public_html/wp-blog-header.php(19): require_once('/home/drbastani...')
#22 /home/drbastaninejad/public_html/index.php(17): require('/home/drbastani...')
#23 {main}
  thrown in /home/drbastaninejad/public_html/wp-content/plugins/seo-by-rank-math/includes/modules/schema/class-frontend.php on line 73
[15-Aug-2026 17:32:19 UTC] PHP Fatal error:  Uncaught TypeError: Cannot access offset of type string on string in /home/drbastaninejad/public_html/wp-content/plugins/seo-by-rank-math/includes/modules/schema/class-frontend.php:73
Stack trace:
#0 [internal function]: RankMath\Schema\Frontend->RankMath\Schema\{closure}('a:7:{s:8:"metad...')
#1 /home/drbastaninejad/public_html/wp-content/plugins/seo-by-rank-math/includes/modules/schema/class-frontend.php(70): array_filter(Array, Object(Closure))
#2 /home/drbastaninejad/public_html/wp-includes/class-wp-hook.php(341): RankMath\Schema\Frontend->add_schema(Array, Object(RankMath\Schema\JsonLD))
#3 /home/drbastaninejad/public_html/wp-includes/plugin.php(256): WP_Hook->apply_filters(Array, Array)
#4 /home/drbastaninejad/public_html/wp-content/plugins/seo-by-rank-math/includes/traits/class-hooker.php(106): apply_filters_ref_array('rank_math/json_...', Array)
#5 /home/drbastaninejad/public_html/wp-content/plugins/seo-by-rank-math/includes/modules/schema/class-jsonld.php(149): RankMath\Schema\JsonLD->do_filter('json_ld', Array, Object(RankMath\Schema\JsonLD))
#6 /home/drbastaninejad/public_html/wp-includes/class-wp-hook.php(341): RankMath\Schema\JsonLD->json_ld()
#7 /home/drbastaninejad/public_html/wp-includes/class-wp-hook.php(365): WP_Hook->apply_filters(NULL, Array)
#8 /home/drbastaninejad/public_html/wp-includes/plugin.php(570): WP_Hook->do_action(Array)
#9 /home/drbastaninejad/public_html/wp-content/plugins/seo-by-rank-math/includes/traits/class-hooker.php(90): do_action_ref_array('rank_math/head', Array)
#10 /home/drbastaninejad/public_html/wp-content/plugins/seo-by-rank-math/includes/frontend/class-head.php(189): RankMath\Frontend\Head->do_action('head')
#11 /home/drbastaninejad/public_html/wp-includes/class-wp-hook.php(341): RankMath\Frontend\Head->head('')
#12 /home/drbastaninejad/public_html/wp-includes/class-wp-hook.php(365): WP_Hook->apply_filters(NULL, Array)
#13 /home/drbastaninejad/public_html/wp-includes/plugin.php(522): WP_Hook->do_action(Array)
#14 /home/drbastaninejad/public_html/wp-includes/general-template.php(3208): do_action('wp_head')
#15 /home/drbastaninejad/public_html/wp-content/themes/drbastaninejad-theme/header.php(6): wp_head()
#16 /home/drbastaninejad/public_html/wp-includes/template.php(814): require_once('/home/drbastani...')
#17 /home/drbastaninejad/public_html/wp-includes/template.php(749): load_template('/home/drbastani...', true, Array)
#18 /home/drbastaninejad/public_html/wp-includes/general-template.php(48): locate_template(Array, true, true, Array)
#19 /home/drbastaninejad/public_html/wp-content/themes/drbastaninejad-theme/page.php(1): get_header()
#20 /home/drbastaninejad/public_html/wp-includes/template-loader.php(132): include('/home/drbastani...')
#21 /home/drbastaninejad/public_html/wp-blog-header.php(19): require_once('/home/drbastani...')
#22 /home/drbastaninejad/public_html/index.php(17): require('/home/drbastani...')
#23 {main}
  thrown in /home/drbastaninejad/public_html/wp-content/plugins/seo-by-rank-math/includes/modules/schema/class-frontend.php on line 73
[15-Aug-2026 17:32:20 UTC] PHP Fatal error:  Uncaught TypeError: Cannot access offset of type string on string in /home/drbastaninejad/public_html/wp-content/plugins/seo-by-rank-math/includes/modules/schema/class-frontend.php:73
Stack trace:
#0 [internal function]: RankMath\Schema\Frontend->RankMath\Schema\{closure}('a:7:{s:8:"metad...')
#1 /home/drbastaninejad/public_html/wp-content/plugins/seo-by-rank-math/includes/modules/schema/class-frontend.php(70): array_filter(Array, Object(Closure))
#2 /home/drbastaninejad/public_html/wp-includes/class-wp-hook.php(341): RankMath\Schema\Frontend->add_schema(Array, Object(RankMath\Schema\JsonLD))
#3 /home/drbastaninejad/public_html/wp-includes/plugin.php(256): WP_Hook->apply_filters(Array, Array)
#4 /home/drbastaninejad/public_html/wp-content/plugins/seo-by-rank-math/includes/traits/class-hooker.php(106): apply_filters_ref_array('rank_math/json_...', Array)
#5 /home/drbastaninejad/public_html/wp-content/plugins/seo-by-rank-math/includes/modules/schema/class-jsonld.php(149): RankMath\Schema\JsonLD->do_filter('json_ld', Array, Object(RankMath\Schema\JsonLD))
#6 /home/drbastaninejad/public_html/wp-includes/class-wp-hook.php(341): RankMath\Schema\JsonLD->json_ld()
#7 /home/drbastaninejad/public_html/wp-includes/class-wp-hook.php(365): WP_Hook->apply_filters(NULL, Array)
#8 /home/drbastaninejad/public_html/wp-includes/plugin.php(570): WP_Hook->do_action(Array)
#9 /home/drbastaninejad/public_html/wp-content/plugins/seo-by-rank-math/includes/traits/class-hooker.php(90): do_action_ref_array('rank_math/head', Array)
#10 /home/drbastaninejad/public_html/wp-content/plugins/seo-by-rank-math/includes/frontend/class-head.php(189): RankMath\Frontend\Head->do_action('head')
#11 /home/drbastaninejad/public_html/wp-includes/class-wp-hook.php(341): RankMath\Frontend\Head->head('')
#12 /home/drbastaninejad/public_html/wp-includes/class-wp-hook.php(365): WP_Hook->apply_filters(NULL, Array)
#13 /home/drbastaninejad/public_html/wp-includes/plugin.php(522): WP_Hook->do_action(Array)
#14 /home/drbastaninejad/public_html/wp-includes/general-template.php(3208): do_action('wp_head')
#15 /home/drbastaninejad/public_html/wp-content/themes/drbastaninejad-theme/header.php(6): wp_head()
#16 /home/drbastaninejad/public_html/wp-includes/template.php(814): require_once('/home/drbastani...')
#17 /home/drbastaninejad/public_html/wp-includes/template.php(749): load_template('/home/drbastani...', true, Array)
#18 /home/drbastaninejad/public_html/wp-includes/general-template.php(48): locate_template(Array, true, true, Array)
#19 /home/drbastaninejad/public_html/wp-content/themes/drbastaninejad-theme/page.php(1): get_header()
#20 /home/drbastaninejad/public_html/wp-includes/template-loader.php(132): include('/home/drbastani...')
#21 /home/drbastaninejad/public_html/wp-blog-header.php(19): require_once('/home/drbastani...')
#22 /home/drbastaninejad/public_html/index.php(17): require('/home/drbastani...')
#23 {main}
  thrown in /home/drbastaninejad/public_html/wp-content/plugins/seo-by-rank-math/includes/modules/schema/class-frontend.php on line 73
[15-Aug-2026 17:32:21 UTC] PHP Fatal error:  Uncaught TypeError: Cannot access offset of type string on string in /home/drbastaninejad/public_html/wp-content/plugins/seo-by-rank-math/includes/modules/schema/class-frontend.php:73
Stack trace:
#0 [internal function]: RankMath\Schema\Frontend->RankMath\Schema\{closure}('a:7:{s:8:"metad...')
#1 /home/drbastaninejad/public_html/wp-content/plugins/seo-by-rank-math/includes/modules/schema/class-frontend.php(70): array_filter(Array, Object(Closure))
#2 /home/drbastaninejad/public_html/wp-includes/class-wp-hook.php(341): RankMath\Schema\Frontend->add_schema(Array, Object(RankMath\Schema\JsonLD))
#3 /home/drbastaninejad/public_html/wp-includes/plugin.php(256): WP_Hook->apply_filters(Array, Array)
#4 /home/drbastaninejad/public_html/wp-content/plugins/seo-by-rank-math/includes/traits/class-hooker.php(106): apply_filters_ref_array('rank_math/json_...', Array)
#5 /home/drbastaninejad/public_html/wp-content/plugins/seo-by-rank-math/includes/modules/schema/class-jsonld.php(149): RankMath\Schema\JsonLD->do_filter('json_ld', Array, Object(RankMath\Schema\JsonLD))
#6 /home/drbastaninejad/public_html/wp-includes/class-wp-hook.php(341): RankMath\Schema\JsonLD->json_ld()
#7 /home/drbastaninejad/public_html/wp-includes/class-wp-hook.php(365): WP_Hook->apply_filters(NULL, Array)
#8 /home/drbastaninejad/public_html/wp-includes/plugin.php(570): WP_Hook->do_action(Array)
#9 /home/drbastaninejad/public_html/wp-content/plugins/seo-by-rank-math/includes/traits/class-hooker.php(90): do_action_ref_array('rank_math/head', Array)
#10 /home/drbastaninejad/public_html/wp-content/plugins/seo-by-rank-math/includes/frontend/class-head.php(189): RankMath\Frontend\Head->do_action('head')
#11 /home/drbastaninejad/public_html/wp-includes/class-wp-hook.php(341): RankMath\Frontend\Head->head('')
#12 /home/drbastaninejad/public_html/wp-includes/class-wp-hook.php(365): WP_Hook->apply_filters(NULL, Array)
#13 /home/drbastaninejad/public_html/wp-includes/plugin.php(522): WP_Hook->do_action(Array)
#14 /home/drbastaninejad/public_html/wp-includes/general-template.php(3208): do_action('wp_head')
#15 /home/drbastaninejad/public_html/wp-content/themes/drbastaninejad-theme/header.php(6): wp_head()
#16 /home/drbastaninejad/public_html/wp-includes/template.php(814): require_once('/home/drbastani...')
#17 /home/drbastaninejad/public_html/wp-includes/template.php(749): load_template('/home/drbastani...', true, Array)
#18 /home/drbastaninejad/public_html/wp-includes/general-template.php(48): locate_template(Array, true, true, Array)
#19 /home/drbastaninejad/public_html/wp-content/themes/drbastaninejad-theme/page.php(1): get_header()
#20 /home/drbastaninejad/public_html/wp-includes/template-loader.php(132): include('/home/drbastani...')
#21 /home/drbastaninejad/public_html/wp-blog-header.php(19): require_once('/home/drbastani...')
#22 /home/drbastaninejad/public_html/index.php(17): require('/home/drbastani...')
#23 {main}
  thrown in /home/drbastaninejad/public_html/wp-content/plugins/seo-by-rank-math/includes/modules/schema/class-frontend.php on line 73
[15-Aug-2026 17:52:32 UTC] [DRB booking][BRIDGE-TLS] Dashboard request failed: cURL error 60: SSL: no alternative certificate subject name matches target host name 'dashboard.drbastaninejad.com'
[15-Aug-2026 17:52:36 UTC] [DRB booking][BRIDGE-TLS] Dashboard request failed: cURL error 60: SSL: no alternative certificate subject name matches target host name 'dashboard.drbastaninejad.com'
[15-Aug-2026 17:52:46 UTC] [DRB booking][BRIDGE-TLS] Dashboard request failed: cURL error 60: SSL: no alternative certificate subject name matches target host name 'dashboard.drbastaninejad.com'
[15-Aug-2026 17:52:49 UTC] [DRB booking][BRIDGE-TLS] Dashboard request failed: cURL error 60: SSL: no alternative certificate subject name matches target host name 'dashboard.drbastaninejad.com'
[15-Aug-2026 18:00:07 UTC] [DRB booking][BRIDGE-TLS] Dashboard request failed: cURL error 60: SSL: no alternative certificate subject name matches target host name 'dashboard.drbastaninejad.com'
[15-Aug-2026 18:43:51 UTC] [DRB booking][BRIDGE-TLS] Dashboard request failed: cURL error 60: SSL: no alternative certificate subject name matches target host name 'dashboard.drbastaninejad.com'
[15-Aug-2026 20:02:03 UTC] PHP Fatal error:  Uncaught TypeError: Cannot access offset of type string on string in /home/drbastaninejad/public_html/wp-content/plugins/seo-by-rank-math/includes/modules/schema/class-frontend.php:73
Stack trace:
#0 [internal function]: RankMath\Schema\Frontend->RankMath\Schema\{closure}('a:7:{s:8:"metad...')
#1 /home/drbastaninejad/public_html/wp-content/plugins/seo-by-rank-math/includes/modules/schema/class-frontend.php(70): array_filter(Array, Object(Closure))
#2 /home/drbastaninejad/public_html/wp-includes/class-wp-hook.php(341): RankMath\Schema\Frontend->add_schema(Array, Object(RankMath\Schema\JsonLD))
#3 /home/drbastaninejad/public_html/wp-includes/plugin.php(256): WP_Hook->apply_filters(Array, Array)
#4 /home/drbastaninejad/public_html/wp-content/plugins/seo-by-rank-math/includes/traits/class-hooker.php(106): apply_filters_ref_array('rank_math/json_...', Array)
#5 /home/drbastaninejad/public_html/wp-content/plugins/seo-by-rank-math/includes/modules/schema/class-jsonld.php(149): RankMath\Schema\JsonLD->do_filter('json_ld', Array, Object(RankMath\Schema\JsonLD))
#6 /home/drbastaninejad/public_html/wp-includes/class-wp-hook.php(341): RankMath\Schema\JsonLD->json_ld()
#7 /home/drbastaninejad/public_html/wp-includes/class-wp-hook.php(365): WP_Hook->apply_filters(NULL, Array)
#8 /home/drbastaninejad/public_html/wp-includes/plugin.php(570): WP_Hook->do_action(Array)
#9 /home/drbastaninejad/public_html/wp-content/plugins/seo-by-rank-math/includes/traits/class-hooker.php(90): do_action_ref_array('rank_math/head', Array)
#10 /home/drbastaninejad/public_html/wp-content/plugins/seo-by-rank-math/includes/frontend/class-head.php(189): RankMath\Frontend\Head->do_action('head')
#11 /home/drbastaninejad/public_html/wp-includes/class-wp-hook.php(341): RankMath\Frontend\Head->head('')
#12 /home/drbastaninejad/public_html/wp-includes/class-wp-hook.php(365): WP_Hook->apply_filters(NULL, Array)
#13 /home/drbastaninejad/public_html/wp-includes/plugin.php(522): WP_Hook->do_action(Array)
#14 /home/drbastaninejad/public_html/wp-includes/general-template.php(3208): do_action('wp_head')
#15 /home/drbastaninejad/public_html/wp-content/themes/drbastaninejad-theme/header.php(6): wp_head()
#16 /home/drbastaninejad/public_html/wp-includes/template.php(814): require_once('/home/drbastani...')
#17 /home/drbastaninejad/public_html/wp-includes/template.php(749): load_template('/home/drbastani...', true, Array)
#18 /home/drbastaninejad/public_html/wp-includes/general-template.php(48): locate_template(Array, true, true, Array)
#19 /home/drbastaninejad/public_html/wp-content/themes/drbastaninejad-theme/page.php(1): get_header()
#20 /home/drbastaninejad/public_html/wp-includes/template-loader.php(132): include('/home/drbastani...')
#21 /home/drbastaninejad/public_html/wp-blog-header.php(19): require_once('/home/drbastani...')
#22 /home/drbastaninejad/public_html/index.php(17): require('/home/drbastani...')
#23 {main}
  thrown in /home/drbastaninejad/public_html/wp-content/plugins/seo-by-rank-math/includes/modules/schema/class-frontend.php on line 73
[15-Aug-2026 20:38:24 UTC] PHP Fatal error:  Uncaught TypeError: Cannot access offset of type string on string in /home/drbastaninejad/public_html/wp-content/plugins/seo-by-rank-math/includes/modules/schema/class-frontend.php:73
Stack trace:
#0 [internal function]: RankMath\Schema\Frontend->RankMath\Schema\{closure}('a:7:{s:8:"metad...')
#1 /home/drbastaninejad/public_html/wp-content/plugins/seo-by-rank-math/includes/modules/schema/class-frontend.php(70): array_filter(Array, Object(Closure))
#2 /home/drbastaninejad/public_html/wp-includes/class-wp-hook.php(341): RankMath\Schema\Frontend->add_schema(Array, Object(RankMath\Schema\JsonLD))
#3 /home/drbastaninejad/public_html/wp-includes/plugin.php(256): WP_Hook->apply_filters(Array, Array)
#4 /home/drbastaninejad/public_html/wp-content/plugins/seo-by-rank-math/includes/traits/class-hooker.php(106): apply_filters_ref_array('rank_math/json_...', Array)
#5 /home/drbastaninejad/public_html/wp-content/plugins/seo-by-rank-math/includes/modules/schema/class-jsonld.php(149): RankMath\Schema\JsonLD->do_filter('json_ld', Array, Object(RankMath\Schema\JsonLD))
#6 /home/drbastaninejad/public_html/wp-includes/class-wp-hook.php(341): RankMath\Schema\JsonLD->json_ld()
#7 /home/drbastaninejad/public_html/wp-includes/class-wp-hook.php(365): WP_Hook->apply_filters(NULL, Array)
#8 /home/drbastaninejad/public_html/wp-includes/plugin.php(570): WP_Hook->do_action(Array)
#9 /home/drbastaninejad/public_html/wp-content/plugins/seo-by-rank-math/includes/traits/class-hooker.php(90): do_action_ref_array('rank_math/head', Array)
#10 /home/drbastaninejad/public_html/wp-content/plugins/seo-by-rank-math/includes/frontend/class-head.php(189): RankMath\Frontend\Head->do_action('head')
#11 /home/drbastaninejad/public_html/wp-includes/class-wp-hook.php(341): RankMath\Frontend\Head->head('')
#12 /home/drbastaninejad/public_html/wp-includes/class-wp-hook.php(365): WP_Hook->apply_filters(NULL, Array)
#13 /home/drbastaninejad/public_html/wp-includes/plugin.php(522): WP_Hook->do_action(Array)
#14 /home/drbastaninejad/public_html/wp-includes/general-template.php(3208): do_action('wp_head')
#15 /home/drbastaninejad/public_html/wp-content/themes/drbastaninejad-theme/header.php(6): wp_head()
#16 /home/drbastaninejad/public_html/wp-includes/template.php(814): require_once('/home/drbastani...')
#17 /home/drbastaninejad/public_html/wp-includes/template.php(749): load_template('/home/drbastani...', true, Array)
#18 /home/drbastaninejad/public_html/wp-includes/general-template.php(48): locate_template(Array, true, true, Array)
#19 /home/drbastaninejad/public_html/wp-content/themes/drbastaninejad-theme/page.php(1): get_header()
#20 /home/drbastaninejad/public_html/wp-includes/template-loader.php(132): include('/home/drbastani...')
#21 /home/drbastaninejad/public_html/wp-blog-header.php(19): require_once('/home/drbastani...')
#22 /home/drbastaninejad/public_html/index.php(17): require('/home/drbastani...')
#23 {main}
  thrown in /home/drbastaninejad/public_html/wp-content/plugins/seo-by-rank-math/includes/modules/schema/class-frontend.php on line 73
[15-Aug-2026 23:24:22 UTC] PHP Fatal error:  Uncaught TypeError: Cannot access offset of type string on string in /home/drbastaninejad/public_html/wp-content/plugins/seo-by-rank-math/includes/modules/schema/class-frontend.php:73
Stack trace:
#0 [internal function]: RankMath\Schema\Frontend->RankMath\Schema\{closure}('a:7:{s:8:"metad...')
#1 /home/drbastaninejad/public_html/wp-content/plugins/seo-by-rank-math/includes/modules/schema/class-frontend.php(70): array_filter(Array, Object(Closure))
#2 /home/drbastaninejad/public_html/wp-includes/class-wp-hook.php(341): RankMath\Schema\Frontend->add_schema(Array, Object(RankMath\Schema\JsonLD))
#3 /home/drbastaninejad/public_html/wp-includes/plugin.php(256): WP_Hook->apply_filters(Array, Array)
#4 /home/drbastaninejad/public_html/wp-content/plugins/seo-by-rank-math/includes/traits/class-hooker.php(106): apply_filters_ref_array('rank_math/json_...', Array)
#5 /home/drbastaninejad/public_html/wp-content/plugins/seo-by-rank-math/includes/modules/schema/class-jsonld.php(149): RankMath\Schema\JsonLD->do_filter('json_ld', Array, Object(RankMath\Schema\JsonLD))
#6 /home/drbastaninejad/public_html/wp-includes/class-wp-hook.php(341): RankMath\Schema\JsonLD->json_ld()
#7 /home/drbastaninejad/public_html/wp-includes/class-wp-hook.php(365): WP_Hook->apply_filters(NULL, Array)
#8 /home/drbastaninejad/public_html/wp-includes/plugin.php(570): WP_Hook->do_action(Array)
#9 /home/drbastaninejad/public_html/wp-content/plugins/seo-by-rank-math/includes/traits/class-hooker.php(90): do_action_ref_array('rank_math/head', Array)
#10 /home/drbastaninejad/public_html/wp-content/plugins/seo-by-rank-math/includes/frontend/class-head.php(189): RankMath\Frontend\Head->do_action('head')
#11 /home/drbastaninejad/public_html/wp-includes/class-wp-hook.php(341): RankMath\Frontend\Head->head('')
#12 /home/drbastaninejad/public_html/wp-includes/class-wp-hook.php(365): WP_Hook->apply_filters(NULL, Array)
#13 /home/drbastaninejad/public_html/wp-includes/plugin.php(522): WP_Hook->do_action(Array)
#14 /home/drbastaninejad/public_html/wp-includes/general-template.php(3208): do_action('wp_head')
#15 /home/drbastaninejad/public_html/wp-content/themes/drbastaninejad-theme/header.php(6): wp_head()
#16 /home/drbastaninejad/public_html/wp-includes/template.php(814): require_once('/home/drbastani...')
#17 /home/drbastaninejad/public_html/wp-includes/template.php(749): load_template('/home/drbastani...', true, Array)
#18 /home/drbastaninejad/public_html/wp-includes/general-template.php(48): locate_template(Array, true, true, Array)
#19 /home/drbastaninejad/public_html/wp-content/themes/drbastaninejad-theme/page.php(1): get_header()
#20 /home/drbastaninejad/public_html/wp-includes/template-loader.php(132): include('/home/drbastani...')
#21 /home/drbastaninejad/public_html/wp-blog-header.php(19): require_once('/home/drbastani...')
#22 /home/drbastaninejad/public_html/index.php(17): require('/home/drbastani...')
#23 {main}
  thrown in /home/drbastaninejad/public_html/wp-content/plugins/seo-by-rank-math/includes/modules/schema/class-frontend.php on line 73
[15-Aug-2026 23:24:57 UTC] PHP Fatal error:  Uncaught TypeError: Cannot access offset of type string on string in /home/drbastaninejad/public_html/wp-content/plugins/seo-by-rank-math/includes/modules/schema/class-frontend.php:73
Stack trace:
#0 [internal function]: RankMath\Schema\Frontend->RankMath\Schema\{closure}('a:7:{s:8:"metad...')
#1 /home/drbastaninejad/public_html/wp-content/plugins/seo-by-rank-math/includes/modules/schema/class-frontend.php(70): array_filter(Array, Object(Closure))
#2 /home/drbastaninejad/public_html/wp-includes/class-wp-hook.php(341): RankMath\Schema\Frontend->add_schema(Array, Object(RankMath\Schema\JsonLD))
#3 /home/drbastaninejad/public_html/wp-includes/plugin.php(256): WP_Hook->apply_filters(Array, Array)
#4 /home/drbastaninejad/public_html/wp-content/plugins/seo-by-rank-math/includes/traits/class-hooker.php(106): apply_filters_ref_array('rank_math/json_...', Array)
#5 /home/drbastaninejad/public_html/wp-content/plugins/seo-by-rank-math/includes/modules/schema/class-jsonld.php(149): RankMath\Schema\JsonLD->do_filter('json_ld', Array, Object(RankMath\Schema\JsonLD))
#6 /home/drbastaninejad/public_html/wp-includes/class-wp-hook.php(341): RankMath\Schema\JsonLD->json_ld()
#7 /home/drbastaninejad/public_html/wp-includes/class-wp-hook.php(365): WP_Hook->apply_filters(NULL, Array)
#8 /home/drbastaninejad/public_html/wp-includes/plugin.php(570): WP_Hook->do_action(Array)
#9 /home/drbastaninejad/public_html/wp-content/plugins/seo-by-rank-math/includes/traits/class-hooker.php(90): do_action_ref_array('rank_math/head', Array)
#10 /home/drbastaninejad/public_html/wp-content/plugins/seo-by-rank-math/includes/frontend/class-head.php(189): RankMath\Frontend\Head->do_action('head')
#11 /home/drbastaninejad/public_html/wp-includes/class-wp-hook.php(341): RankMath\Frontend\Head->head('')
#12 /home/drbastaninejad/public_html/wp-includes/class-wp-hook.php(365): WP_Hook->apply_filters(NULL, Array)
#13 /home/drbastaninejad/public_html/wp-includes/plugin.php(522): WP_Hook->do_action(Array)
#14 /home/drbastaninejad/public_html/wp-includes/general-template.php(3208): do_action('wp_head')
#15 /home/drbastaninejad/public_html/wp-content/themes/drbastaninejad-theme/header.php(6): wp_head()
#16 /home/drbastaninejad/public_html/wp-includes/template.php(814): require_once('/home/drbastani...')
#17 /home/drbastaninejad/public_html/wp-includes/template.php(749): load_template('/home/drbastani...', true, Array)
#18 /home/drbastaninejad/public_html/wp-includes/general-template.php(48): locate_template(Array, true, true, Array)
#19 /home/drbastaninejad/public_html/wp-content/themes/drbastaninejad-theme/page.php(1): get_header()
#20 /home/drbastaninejad/public_html/wp-includes/template-loader.php(132): include('/home/drbastani...')
#21 /home/drbastaninejad/public_html/wp-blog-header.php(19): require_once('/home/drbastani...')
#22 /home/drbastaninejad/public_html/index.php(17): require('/home/drbastani...')
#23 {main}
  thrown in /home/drbastaninejad/public_html/wp-content/plugins/seo-by-rank-math/includes/modules/schema/class-frontend.php on line 73
[15-Aug-2026 23:25:00 UTC] PHP Fatal error:  Uncaught TypeError: Cannot access offset of type string on string in /home/drbastaninejad/public_html/wp-content/plugins/seo-by-rank-math/includes/modules/schema/class-frontend.php:73
Stack trace:
#0 [internal function]: RankMath\Schema\Frontend->RankMath\Schema\{closure}('a:7:{s:8:"metad...')
#1 /home/drbastaninejad/public_html/wp-content/plugins/seo-by-rank-math/includes/modules/schema/class-frontend.php(70): array_filter(Array, Object(Closure))
#2 /home/drbastaninejad/public_html/wp-includes/class-wp-hook.php(341): RankMath\Schema\Frontend->add_schema(Array, Object(RankMath\Schema\JsonLD))
#3 /home/drbastaninejad/public_html/wp-includes/plugin.php(256): WP_Hook->apply_filters(Array, Array)
#4 /home/drbastaninejad/public_html/wp-content/plugins/seo-by-rank-math/includes/traits/class-hooker.php(106): apply_filters_ref_array('rank_math/json_...', Array)
#5 /home/drbastaninejad/public_html/wp-content/plugins/seo-by-rank-math/includes/modules/schema/class-jsonld.php(149): RankMath\Schema\JsonLD->do_filter('json_ld', Array, Object(RankMath\Schema\JsonLD))
#6 /home/drbastaninejad/public_html/wp-includes/class-wp-hook.php(341): RankMath\Schema\JsonLD->json_ld()
#7 /home/drbastaninejad/public_html/wp-includes/class-wp-hook.php(365): WP_Hook->apply_filters(NULL, Array)
#8 /home/drbastaninejad/public_html/wp-includes/plugin.php(570): WP_Hook->do_action(Array)
#9 /home/drbastaninejad/public_html/wp-content/plugins/seo-by-rank-math/includes/traits/class-hooker.php(90): do_action_ref_array('rank_math/head', Array)
#10 /home/drbastaninejad/public_html/wp-content/plugins/seo-by-rank-math/includes/frontend/class-head.php(189): RankMath\Frontend\Head->do_action('head')
#11 /home/drbastaninejad/public_html/wp-includes/class-wp-hook.php(341): RankMath\Frontend\Head->head('')
#12 /home/drbastaninejad/public_html/wp-includes/class-wp-hook.php(365): WP_Hook->apply_filters(NULL, Array)
#13 /home/drbastaninejad/public_html/wp-includes/plugin.php(522): WP_Hook->do_action(Array)
#14 /home/drbastaninejad/public_html/wp-includes/general-template.php(3208): do_action('wp_head')
#15 /home/drbastaninejad/public_html/wp-content/themes/drbastaninejad-theme/header.php(6): wp_head()
#16 /home/drbastaninejad/public_html/wp-includes/template.php(814): require_once('/home/drbastani...')
#17 /home/drbastaninejad/public_html/wp-includes/template.php(749): load_template('/home/drbastani...', true, Array)
#18 /home/drbastaninejad/public_html/wp-includes/general-template.php(48): locate_template(Array, true, true, Array)
#19 /home/drbastaninejad/public_html/wp-content/themes/drbastaninejad-theme/page.php(1): get_header()
#20 /home/drbastaninejad/public_html/wp-includes/template-loader.php(132): include('/home/drbastani...')
#21 /home/drbastaninejad/public_html/wp-blog-header.php(19): require_once('/home/drbastani...')
#22 /home/drbastaninejad/public_html/index.php(17): require('/home/drbastani...')
#23 {main}
  thrown in /home/drbastaninejad/public_html/wp-content/plugins/seo-by-rank-math/includes/modules/schema/class-frontend.php on line 73
[15-Aug-2026 23:25:29 UTC] PHP Fatal error:  Uncaught TypeError: Cannot access offset of type string on string in /home/drbastaninejad/public_html/wp-content/plugins/seo-by-rank-math/includes/modules/schema/class-frontend.php:73
Stack trace:
#0 [internal function]: RankMath\Schema\Frontend->RankMath\Schema\{closure}('a:7:{s:8:"metad...')
#1 /home/drbastaninejad/public_html/wp-content/plugins/seo-by-rank-math/includes/modules/schema/class-frontend.php(70): array_filter(Array, Object(Closure))
#2 /home/drbastaninejad/public_html/wp-includes/class-wp-hook.php(341): RankMath\Schema\Frontend->add_schema(Array, Object(RankMath\Schema\JsonLD))
#3 /home/drbastaninejad/public_html/wp-includes/plugin.php(256): WP_Hook->apply_filters(Array, Array)
#4 /home/drbastaninejad/public_html/wp-content/plugins/seo-by-rank-math/includes/traits/class-hooker.php(106): apply_filters_ref_array('rank_math/json_...', Array)
#5 /home/drbastaninejad/public_html/wp-content/plugins/seo-by-rank-math/includes/modules/schema/class-jsonld.php(149): RankMath\Schema\JsonLD->do_filter('json_ld', Array, Object(RankMath\Schema\JsonLD))
#6 /home/drbastaninejad/public_html/wp-includes/class-wp-hook.php(341): RankMath\Schema\JsonLD->json_ld()
#7 /home/drbastaninejad/public_html/wp-includes/class-wp-hook.php(365): WP_Hook->apply_filters(NULL, Array)
#8 /home/drbastaninejad/public_html/wp-includes/plugin.php(570): WP_Hook->do_action(Array)
#9 /home/drbastaninejad/public_html/wp-content/plugins/seo-by-rank-math/includes/traits/class-hooker.php(90): do_action_ref_array('rank_math/head', Array)
#10 /home/drbastaninejad/public_html/wp-content/plugins/seo-by-rank-math/includes/frontend/class-head.php(189): RankMath\Frontend\Head->do_action('head')
#11 /home/drbastaninejad/public_html/wp-includes/class-wp-hook.php(341): RankMath\Frontend\Head->head('')
#12 /home/drbastaninejad/public_html/wp-includes/class-wp-hook.php(365): WP_Hook->apply_filters(NULL, Array)
#13 /home/drbastaninejad/public_html/wp-includes/plugin.php(522): WP_Hook->do_action(Array)
#14 /home/drbastaninejad/public_html/wp-includes/general-template.php(3208): do_action('wp_head')
#15 /home/drbastaninejad/public_html/wp-content/themes/drbastaninejad-theme/header.php(6): wp_head()
#16 /home/drbastaninejad/public_html/wp-includes/template.php(814): require_once('/home/drbastani...')
#17 /home/drbastaninejad/public_html/wp-includes/template.php(749): load_template('/home/drbastani...', true, Array)
#18 /home/drbastaninejad/public_html/wp-includes/general-template.php(48): locate_template(Array, true, true, Array)
#19 /home/drbastaninejad/public_html/wp-content/themes/drbastaninejad-theme/page.php(1): get_header()
#20 /home/drbastaninejad/public_html/wp-includes/template-loader.php(132): include('/home/drbastani...')
#21 /home/drbastaninejad/public_html/wp-blog-header.php(19): require_once('/home/drbastani...')
#22 /home/drbastaninejad/public_html/index.php(17): require('/home/drbastani...')
#23 {main}
  thrown in /home/drbastaninejad/public_html/wp-content/plugins/seo-by-rank-math/includes/modules/schema/class-frontend.php on line 73
[15-Aug-2026 23:25:32 UTC] PHP Fatal error:  Uncaught TypeError: Cannot access offset of type string on string in /home/drbastaninejad/public_html/wp-content/plugins/seo-by-rank-math/includes/modules/schema/class-frontend.php:73
Stack trace:
#0 [internal function]: RankMath\Schema\Frontend->RankMath\Schema\{closure}('a:7:{s:8:"metad...')
#1 /home/drbastaninejad/public_html/wp-content/plugins/seo-by-rank-math/includes/modules/schema/class-frontend.php(70): array_filter(Array, Object(Closure))
#2 /home/drbastaninejad/public_html/wp-includes/class-wp-hook.php(341): RankMath\Schema\Frontend->add_schema(Array, Object(RankMath\Schema\JsonLD))
#3 /home/drbastaninejad/public_html/wp-includes/plugin.php(256): WP_Hook->apply_filters(Array, Array)
#4 /home/drbastaninejad/public_html/wp-content/plugins/seo-by-rank-math/includes/traits/class-hooker.php(106): apply_filters_ref_array('rank_math/json_...', Array)
#5 /home/drbastaninejad/public_html/wp-content/plugins/seo-by-rank-math/includes/modules/schema/class-jsonld.php(149): RankMath\Schema\JsonLD->do_filter('json_ld', Array, Object(RankMath\Schema\JsonLD))
#6 /home/drbastaninejad/public_html/wp-includes/class-wp-hook.php(341): RankMath\Schema\JsonLD->json_ld()
#7 /home/drbastaninejad/public_html/wp-includes/class-wp-hook.php(365): WP_Hook->apply_filters(NULL, Array)
#8 /home/drbastaninejad/public_html/wp-includes/plugin.php(570): WP_Hook->do_action(Array)
#9 /home/drbastaninejad/public_html/wp-content/plugins/seo-by-rank-math/includes/traits/class-hooker.php(90): do_action_ref_array('rank_math/head', Array)
#10 /home/drbastaninejad/public_html/wp-content/plugins/seo-by-rank-math/includes/frontend/class-head.php(189): RankMath\Frontend\Head->do_action('head')
#11 /home/drbastaninejad/public_html/wp-includes/class-wp-hook.php(341): RankMath\Frontend\Head->head('')
#12 /home/drbastaninejad/public_html/wp-includes/class-wp-hook.php(365): WP_Hook->apply_filters(NULL, Array)
#13 /home/drbastaninejad/public_html/wp-includes/plugin.php(522): WP_Hook->do_action(Array)
#14 /home/drbastaninejad/public_html/wp-includes/general-template.php(3208): do_action('wp_head')
#15 /home/drbastaninejad/public_html/wp-content/themes/drbastaninejad-theme/header.php(6): wp_head()
#16 /home/drbastaninejad/public_html/wp-includes/template.php(814): require_once('/home/drbastani...')
#17 /home/drbastaninejad/public_html/wp-includes/template.php(749): load_template('/home/drbastani...', true, Array)
#18 /home/drbastaninejad/public_html/wp-includes/general-template.php(48): locate_template(Array, true, true, Array)
#19 /home/drbastaninejad/public_html/wp-content/themes/drbastaninejad-theme/page.php(1): get_header()
#20 /home/drbastaninejad/public_html/wp-includes/template-loader.php(132): include('/home/drbastani...')
#21 /home/drbastaninejad/public_html/wp-blog-header.php(19): require_once('/home/drbastani...')
#22 /home/drbastaninejad/public_html/index.php(17): require('/home/drbastani...')
#23 {main}
  thrown in /home/drbastaninejad/public_html/wp-content/plugins/seo-by-rank-math/includes/modules/schema/class-frontend.php on line 73
[15-Aug-2026 23:26:13 UTC] PHP Fatal error:  Uncaught TypeError: Cannot access offset of type string on string in /home/drbastaninejad/public_html/wp-content/plugins/seo-by-rank-math/includes/modules/schema/class-frontend.php:73
Stack trace:
#0 [internal function]: RankMath\Schema\Frontend->RankMath\Schema\{closure}('a:7:{s:8:"metad...')
#1 /home/drbastaninejad/public_html/wp-content/plugins/seo-by-rank-math/includes/modules/schema/class-frontend.php(70): array_filter(Array, Object(Closure))
#2 /home/drbastaninejad/public_html/wp-includes/class-wp-hook.php(341): RankMath\Schema\Frontend->add_schema(Array, Object(RankMath\Schema\JsonLD))
#3 /home/drbastaninejad/public_html/wp-includes/plugin.php(256): WP_Hook->apply_filters(Array, Array)
#4 /home/drbastaninejad/public_html/wp-content/plugins/seo-by-rank-math/includes/traits/class-hooker.php(106): apply_filters_ref_array('rank_math/json_...', Array)
#5 /home/drbastaninejad/public_html/wp-content/plugins/seo-by-rank-math/includes/modules/schema/class-jsonld.php(149): RankMath\Schema\JsonLD->do_filter('json_ld', Array, Object(RankMath\Schema\JsonLD))
#6 /home/drbastaninejad/public_html/wp-includes/class-wp-hook.php(341): RankMath\Schema\JsonLD->json_ld()
#7 /home/drbastaninejad/public_html/wp-includes/class-wp-hook.php(365): WP_Hook->apply_filters(NULL, Array)
#8 /home/drbastaninejad/public_html/wp-includes/plugin.php(570): WP_Hook->do_action(Array)
#9 /home/drbastaninejad/public_html/wp-content/plugins/seo-by-rank-math/includes/traits/class-hooker.php(90): do_action_ref_array('rank_math/head', Array)
#10 /home/drbastaninejad/public_html/wp-content/plugins/seo-by-rank-math/includes/frontend/class-head.php(189): RankMath\Frontend\Head->do_action('head')
#11 /home/drbastaninejad/public_html/wp-includes/class-wp-hook.php(341): RankMath\Frontend\Head->head('')
#12 /home/drbastaninejad/public_html/wp-includes/class-wp-hook.php(365): WP_Hook->apply_filters(NULL, Array)
#13 /home/drbastaninejad/public_html/wp-includes/plugin.php(522): WP_Hook->do_action(Array)
#14 /home/drbastaninejad/public_html/wp-includes/general-template.php(3208): do_action('wp_head')
#15 /home/drbastaninejad/public_html/wp-content/themes/drbastaninejad-theme/header.php(6): wp_head()
#16 /home/drbastaninejad/public_html/wp-includes/template.php(814): require_once('/home/drbastani...')
#17 /home/drbastaninejad/public_html/wp-includes/template.php(749): load_template('/home/drbastani...', true, Array)
#18 /home/drbastaninejad/public_html/wp-includes/general-template.php(48): locate_template(Array, true, true, Array)
#19 /home/drbastaninejad/public_html/wp-content/themes/drbastaninejad-theme/page.php(1): get_header()
#20 /home/drbastaninejad/public_html/wp-includes/template-loader.php(132): include('/home/drbastani...')
#21 /home/drbastaninejad/public_html/wp-blog-header.php(19): require_once('/home/drbastani...')
#22 /home/drbastaninejad/public_html/index.php(17): require('/home/drbastani...')
#23 {main}
  thrown in /home/drbastaninejad/public_html/wp-content/plugins/seo-by-rank-math/includes/modules/schema/class-frontend.php on line 73
[15-Aug-2026 23:26:14 UTC] PHP Fatal error:  Uncaught TypeError: Cannot access offset of type string on string in /home/drbastaninejad/public_html/wp-content/plugins/seo-by-rank-math/includes/modules/schema/class-frontend.php:73
Stack trace:
#0 [internal function]: RankMath\Schema\Frontend->RankMath\Schema\{closure}('a:7:{s:8:"metad...')
#1 /home/drbastaninejad/public_html/wp-content/plugins/seo-by-rank-math/includes/modules/schema/class-frontend.php(70): array_filter(Array, Object(Closure))
#2 /home/drbastaninejad/public_html/wp-includes/class-wp-hook.php(341): RankMath\Schema\Frontend->add_schema(Array, Object(RankMath\Schema\JsonLD))
#3 /home/drbastaninejad/public_html/wp-includes/plugin.php(256): WP_Hook->apply_filters(Array, Array)
#4 /home/drbastaninejad/public_html/wp-content/plugins/seo-by-rank-math/includes/traits/class-hooker.php(106): apply_filters_ref_array('rank_math/json_...', Array)
#5 /home/drbastaninejad/public_html/wp-content/plugins/seo-by-rank-math/includes/modules/schema/class-jsonld.php(149): RankMath\Schema\JsonLD->do_filter('json_ld', Array, Object(RankMath\Schema\JsonLD))
#6 /home/drbastaninejad/public_html/wp-includes/class-wp-hook.php(341): RankMath\Schema\JsonLD->json_ld()
#7 /home/drbastaninejad/public_html/wp-includes/class-wp-hook.php(365): WP_Hook->apply_filters(NULL, Array)
#8 /home/drbastaninejad/public_html/wp-includes/plugin.php(570): WP_Hook->do_action(Array)
#9 /home/drbastaninejad/public_html/wp-content/plugins/seo-by-rank-math/includes/traits/class-hooker.php(90): do_action_ref_array('rank_math/head', Array)
#10 /home/drbastaninejad/public_html/wp-content/plugins/seo-by-rank-math/includes/frontend/class-head.php(189): RankMath\Frontend\Head->do_action('head')
#11 /home/drbastaninejad/public_html/wp-includes/class-wp-hook.php(341): RankMath\Frontend\Head->head('')
#12 /home/drbastaninejad/public_html/wp-includes/class-wp-hook.php(365): WP_Hook->apply_filters(NULL, Array)
#13 /home/drbastaninejad/public_html/wp-includes/plugin.php(522): WP_Hook->do_action(Array)
#14 /home/drbastaninejad/public_html/wp-includes/general-template.php(3208): do_action('wp_head')
#15 /home/drbastaninejad/public_html/wp-content/themes/drbastaninejad-theme/header.php(6): wp_head()
#16 /home/drbastaninejad/public_html/wp-includes/template.php(814): require_once('/home/drbastani...')
#17 /home/drbastaninejad/public_html/wp-includes/template.php(749): load_template('/home/drbastani...', true, Array)
#18 /home/drbastaninejad/public_html/wp-includes/general-template.php(48): locate_template(Array, true, true, Array)
#19 /home/drbastaninejad/public_html/wp-content/themes/drbastaninejad-theme/page.php(1): get_header()
#20 /home/drbastaninejad/public_html/wp-includes/template-loader.php(132): include('/home/drbastani...')
#21 /home/drbastaninejad/public_html/wp-blog-header.php(19): require_once('/home/drbastani...')
#22 /home/drbastaninejad/public_html/index.php(17): require('/home/drbastani...')
#23 {main}
  thrown in /home/drbastaninejad/public_html/wp-content/plugins/seo-by-rank-math/includes/modules/schema/class-frontend.php on line 73
[16-Aug-2026 04:22:36 UTC] PHP Fatal error:  Uncaught TypeError: Cannot access offset of type string on string in /home/drbastaninejad/public_html/wp-content/plugins/seo-by-rank-math/includes/modules/schema/class-frontend.php:73
Stack trace:
#0 [internal function]: RankMath\Schema\Frontend->RankMath\Schema\{closure}('a:7:{s:8:"metad...')
#1 /home/drbastaninejad/public_html/wp-content/plugins/seo-by-rank-math/includes/modules/schema/class-frontend.php(70): array_filter(Array, Object(Closure))
#2 /home/drbastaninejad/public_html/wp-includes/class-wp-hook.php(341): RankMath\Schema\Frontend->add_schema(Array, Object(RankMath\Schema\JsonLD))
#3 /home/drbastaninejad/public_html/wp-includes/plugin.php(256): WP_Hook->apply_filters(Array, Array)
#4 /home/drbastaninejad/public_html/wp-content/plugins/seo-by-rank-math/includes/traits/class-hooker.php(106): apply_filters_ref_array('rank_math/json_...', Array)
#5 /home/drbastaninejad/public_html/wp-content/plugins/seo-by-rank-math/includes/modules/schema/class-jsonld.php(149): RankMath\Schema\JsonLD->do_filter('json_ld', Array, Object(RankMath\Schema\JsonLD))
#6 /home/drbastaninejad/public_html/wp-includes/class-wp-hook.php(341): RankMath\Schema\JsonLD->json_ld()
#7 /home/drbastaninejad/public_html/wp-includes/class-wp-hook.php(365): WP_Hook->apply_filters(NULL, Array)
#8 /home/drbastaninejad/public_html/wp-includes/plugin.php(570): WP_Hook->do_action(Array)
#9 /home/drbastaninejad/public_html/wp-content/plugins/seo-by-rank-math/includes/traits/class-hooker.php(90): do_action_ref_array('rank_math/head', Array)
#10 /home/drbastaninejad/public_html/wp-content/plugins/seo-by-rank-math/includes/frontend/class-head.php(189): RankMath\Frontend\Head->do_action('head')
#11 /home/drbastaninejad/public_html/wp-includes/class-wp-hook.php(341): RankMath\Frontend\Head->head('')
#12 /home/drbastaninejad/public_html/wp-includes/class-wp-hook.php(365): WP_Hook->apply_filters(NULL, Array)
#13 /home/drbastaninejad/public_html/wp-includes/plugin.php(522): WP_Hook->do_action(Array)
#14 /home/drbastaninejad/public_html/wp-includes/general-template.php(3208): do_action('wp_head')
#15 /home/drbastaninejad/public_html/wp-content/themes/drbastaninejad-theme/header.php(6): wp_head()
#16 /home/drbastaninejad/public_html/wp-includes/template.php(814): require_once('/home/drbastani...')
#17 /home/drbastaninejad/public_html/wp-includes/template.php(749): load_template('/home/drbastani...', true, Array)
#18 /home/drbastaninejad/public_html/wp-includes/general-template.php(48): locate_template(Array, true, true, Array)
#19 /home/drbastaninejad/public_html/wp-content/themes/drbastaninejad-theme/page.php(1): get_header()
#20 /home/drbastaninejad/public_html/wp-includes/template-loader.php(132): include('/home/drbastani...')
#21 /home/drbastaninejad/public_html/wp-blog-header.php(19): require_once('/home/drbastani...')
#22 /home/drbastaninejad/public_html/index.php(17): require('/home/drbastani...')
#23 {main}
  thrown in /home/drbastaninejad/public_html/wp-content/plugins/seo-by-rank-math/includes/modules/schema/class-frontend.php on line 73
[16-Aug-2026 04:36:13 UTC] PHP Fatal error:  Uncaught TypeError: Cannot access offset of type string on string in /home/drbastaninejad/public_html/wp-content/plugins/seo-by-rank-math/includes/modules/schema/class-frontend.php:73
Stack trace:
#0 [internal function]: RankMath\Schema\Frontend->RankMath\Schema\{closure}('a:7:{s:8:"metad...')
#1 /home/drbastaninejad/public_html/wp-content/plugins/seo-by-rank-math/includes/modules/schema/class-frontend.php(70): array_filter(Array, Object(Closure))
#2 /home/drbastaninejad/public_html/wp-includes/class-wp-hook.php(341): RankMath\Schema\Frontend->add_schema(Array, Object(RankMath\Schema\JsonLD))
#3 /home/drbastaninejad/public_html/wp-includes/plugin.php(256): WP_Hook->apply_filters(Array, Array)
#4 /home/drbastaninejad/public_html/wp-content/plugins/seo-by-rank-math/includes/traits/class-hooker.php(106): apply_filters_ref_array('rank_math/json_...', Array)
#5 /home/drbastaninejad/public_html/wp-content/plugins/seo-by-rank-math/includes/modules/schema/class-jsonld.php(149): RankMath\Schema\JsonLD->do_filter('json_ld', Array, Object(RankMath\Schema\JsonLD))
#6 /home/drbastaninejad/public_html/wp-includes/class-wp-hook.php(341): RankMath\Schema\JsonLD->json_ld()
#7 /home/drbastaninejad/public_html/wp-includes/class-wp-hook.php(365): WP_Hook->apply_filters(NULL, Array)
#8 /home/drbastaninejad/public_html/wp-includes/plugin.php(570): WP_Hook->do_action(Array)
#9 /home/drbastaninejad/public_html/wp-content/plugins/seo-by-rank-math/includes/traits/class-hooker.php(90): do_action_ref_array('rank_math/head', Array)
#10 /home/drbastaninejad/public_html/wp-content/plugins/seo-by-rank-math/includes/frontend/class-head.php(189): RankMath\Frontend\Head->do_action('head')
#11 /home/drbastaninejad/public_html/wp-includes/class-wp-hook.php(341): RankMath\Frontend\Head->head('')
#12 /home/drbastaninejad/public_html/wp-includes/class-wp-hook.php(365): WP_Hook->apply_filters(NULL, Array)
#13 /home/drbastaninejad/public_html/wp-includes/plugin.php(522): WP_Hook->do_action(Array)
#14 /home/drbastaninejad/public_html/wp-includes/general-template.php(3208): do_action('wp_head')
#15 /home/drbastaninejad/public_html/wp-content/themes/drbastaninejad-theme/header.php(6): wp_head()
#16 /home/drbastaninejad/public_html/wp-includes/template.php(814): require_once('/home/drbastani...')
#17 /home/drbastaninejad/public_html/wp-includes/template.php(749): load_template('/home/drbastani...', true, Array)
#18 /home/drbastaninejad/public_html/wp-includes/general-template.php(48): locate_template(Array, true, true, Array)
#19 /home/drbastaninejad/public_html/wp-content/themes/drbastaninejad-theme/page.php(1): get_header()
#20 /home/drbastaninejad/public_html/wp-includes/template-loader.php(132): include('/home/drbastani...')
#21 /home/drbastaninejad/public_html/wp-blog-header.php(19): require_once('/home/drbastani...')
#22 /home/drbastaninejad/public_html/index.php(17): require('/home/drbastani...')
#23 {main}
  thrown in /home/drbastaninejad/public_html/wp-content/plugins/seo-by-rank-math/includes/modules/schema/class-frontend.php on line 73
[16-Aug-2026 09:04:05 UTC] PHP Fatal error:  Uncaught TypeError: Cannot access offset of type string on string in /home/drbastaninejad/public_html/wp-content/plugins/seo-by-rank-math/includes/modules/schema/class-frontend.php:73
Stack trace:
#0 [internal function]: RankMath\Schema\Frontend->RankMath\Schema\{closure}('a:7:{s:8:"metad...')
#1 /home/drbastaninejad/public_html/wp-content/plugins/seo-by-rank-math/includes/modules/schema/class-frontend.php(70): array_filter(Array, Object(Closure))
#2 /home/drbastaninejad/public_html/wp-includes/class-wp-hook.php(341): RankMath\Schema\Frontend->add_schema(Array, Object(RankMath\Schema\JsonLD))
#3 /home/drbastaninejad/public_html/wp-includes/plugin.php(256): WP_Hook->apply_filters(Array, Array)
#4 /home/drbastaninejad/public_html/wp-content/plugins/seo-by-rank-math/includes/traits/class-hooker.php(106): apply_filters_ref_array('rank_math/json_...', Array)
#5 /home/drbastaninejad/public_html/wp-content/plugins/seo-by-rank-math/includes/modules/schema/class-jsonld.php(149): RankMath\Schema\JsonLD->do_filter('json_ld', Array, Object(RankMath\Schema\JsonLD))
#6 /home/drbastaninejad/public_html/wp-includes/class-wp-hook.php(341): RankMath\Schema\JsonLD->json_ld()
#7 /home/drbastaninejad/public_html/wp-includes/class-wp-hook.php(365): WP_Hook->apply_filters(NULL, Array)
#8 /home/drbastaninejad/public_html/wp-includes/plugin.php(570): WP_Hook->do_action(Array)
#9 /home/drbastaninejad/public_html/wp-content/plugins/seo-by-rank-math/includes/traits/class-hooker.php(90): do_action_ref_array('rank_math/head', Array)
#10 /home/drbastaninejad/public_html/wp-content/plugins/seo-by-rank-math/includes/frontend/class-head.php(189): RankMath\Frontend\Head->do_action('head')
#11 /home/drbastaninejad/public_html/wp-includes/class-wp-hook.php(341): RankMath\Frontend\Head->head('')
#12 /home/drbastaninejad/public_html/wp-includes/class-wp-hook.php(365): WP_Hook->apply_filters(NULL, Array)
#13 /home/drbastaninejad/public_html/wp-includes/plugin.php(522): WP_Hook->do_action(Array)
#14 /home/drbastaninejad/public_html/wp-includes/general-template.php(3208): do_action('wp_head')
#15 /home/drbastaninejad/public_html/wp-content/themes/drbastaninejad-theme/header.php(6): wp_head()
#16 /home/drbastaninejad/public_html/wp-includes/template.php(814): require_once('/home/drbastani...')
#17 /home/drbastaninejad/public_html/wp-includes/template.php(749): load_template('/home/drbastani...', true, Array)
#18 /home/drbastaninejad/public_html/wp-includes/general-template.php(48): locate_template(Array, true, true, Array)
#19 /home/drbastaninejad/public_html/wp-content/themes/drbastaninejad-theme/page.php(1): get_header()
#20 /home/drbastaninejad/public_html/wp-includes/template-loader.php(132): include('/home/drbastani...')
#21 /home/drbastaninejad/public_html/wp-blog-header.php(19): require_once('/home/drbastani...')
#22 /home/drbastaninejad/public_html/index.php(17): require('/home/drbastani...')
#23 {main}
  thrown in /home/drbastaninejad/public_html/wp-content/plugins/seo-by-rank-math/includes/modules/schema/class-frontend.php on line 73
[16-Aug-2026 09:04:06 UTC] PHP Fatal error:  Uncaught TypeError: Cannot access offset of type string on string in /home/drbastaninejad/public_html/wp-content/plugins/seo-by-rank-math/includes/modules/schema/class-frontend.php:73
Stack trace:
#0 [internal function]: RankMath\Schema\Frontend->RankMath\Schema\{closure}('a:7:{s:8:"metad...')
#1 /home/drbastaninejad/public_html/wp-content/plugins/seo-by-rank-math/includes/modules/schema/class-frontend.php(70): array_filter(Array, Object(Closure))
#2 /home/drbastaninejad/public_html/wp-includes/class-wp-hook.php(341): RankMath\Schema\Frontend->add_schema(Array, Object(RankMath\Schema\JsonLD))
#3 /home/drbastaninejad/public_html/wp-includes/plugin.php(256): WP_Hook->apply_filters(Array, Array)
#4 /home/drbastaninejad/public_html/wp-content/plugins/seo-by-rank-math/includes/traits/class-hooker.php(106): apply_filters_ref_array('rank_math/json_...', Array)
#5 /home/drbastaninejad/public_html/wp-content/plugins/seo-by-rank-math/includes/modules/schema/class-jsonld.php(149): RankMath\Schema\JsonLD->do_filter('json_ld', Array, Object(RankMath\Schema\JsonLD))
#6 /home/drbastaninejad/public_html/wp-includes/class-wp-hook.php(341): RankMath\Schema\JsonLD->json_ld()
#7 /home/drbastaninejad/public_html/wp-includes/class-wp-hook.php(365): WP_Hook->apply_filters(NULL, Array)
#8 /home/drbastaninejad/public_html/wp-includes/plugin.php(570): WP_Hook->do_action(Array)
#9 /home/drbastaninejad/public_html/wp-content/plugins/seo-by-rank-math/includes/traits/class-hooker.php(90): do_action_ref_array('rank_math/head', Array)
#10 /home/drbastaninejad/public_html/wp-content/plugins/seo-by-rank-math/includes/frontend/class-head.php(189): RankMath\Frontend\Head->do_action('head')
#11 /home/drbastaninejad/public_html/wp-includes/class-wp-hook.php(341): RankMath\Frontend\Head->head('')
#12 /home/drbastaninejad/public_html/wp-includes/class-wp-hook.php(365): WP_Hook->apply_filters(NULL, Array)
#13 /home/drbastaninejad/public_html/wp-includes/plugin.php(522): WP_Hook->do_action(Array)
#14 /home/drbastaninejad/public_html/wp-includes/general-template.php(3208): do_action('wp_head')
#15 /home/drbastaninejad/public_html/wp-content/themes/drbastaninejad-theme/header.php(6): wp_head()
#16 /home/drbastaninejad/public_html/wp-includes/template.php(814): require_once('/home/drbastani...')
#17 /home/drbastaninejad/public_html/wp-includes/template.php(749): load_template('/home/drbastani...', true, Array)
#18 /home/drbastaninejad/public_html/wp-includes/general-template.php(48): locate_template(Array, true, true, Array)
#19 /home/drbastaninejad/public_html/wp-content/themes/drbastaninejad-theme/page.php(1): get_header()
#20 /home/drbastaninejad/public_html/wp-includes/template-loader.php(132): include('/home/drbastani...')
#21 /home/drbastaninejad/public_html/wp-blog-header.php(19): require_once('/home/drbastani...')
#22 /home/drbastaninejad/public_html/index.php(17): require('/home/drbastani...')
#23 {main}
  thrown in /home/drbastaninejad/public_html/wp-content/plugins/seo-by-rank-math/includes/modules/schema/class-frontend.php on line 73
[16-Aug-2026 12:00:28 UTC] PHP Fatal error:  Uncaught TypeError: Cannot access offset of type string on string in /home/drbastaninejad/public_html/wp-content/plugins/seo-by-rank-math/includes/modules/schema/class-frontend.php:73
Stack trace:
#0 [internal function]: RankMath\Schema\Frontend->RankMath\Schema\{closure}('a:7:{s:8:"metad...')
#1 /home/drbastaninejad/public_html/wp-content/plugins/seo-by-rank-math/includes/modules/schema/class-frontend.php(70): array_filter(Array, Object(Closure))
#2 /home/drbastaninejad/public_html/wp-includes/class-wp-hook.php(341): RankMath\Schema\Frontend->add_schema(Array, Object(RankMath\Schema\JsonLD))
#3 /home/drbastaninejad/public_html/wp-includes/plugin.php(256): WP_Hook->apply_filters(Array, Array)
#4 /home/drbastaninejad/public_html/wp-content/plugins/seo-by-rank-math/includes/traits/class-hooker.php(106): apply_filters_ref_array('rank_math/json_...', Array)
#5 /home/drbastaninejad/public_html/wp-content/plugins/seo-by-rank-math/includes/modules/schema/class-jsonld.php(149): RankMath\Schema\JsonLD->do_filter('json_ld', Array, Object(RankMath\Schema\JsonLD))
#6 /home/drbastaninejad/public_html/wp-includes/class-wp-hook.php(341): RankMath\Schema\JsonLD->json_ld()
#7 /home/drbastaninejad/public_html/wp-includes/class-wp-hook.php(365): WP_Hook->apply_filters(NULL, Array)
#8 /home/drbastaninejad/public_html/wp-includes/plugin.php(570): WP_Hook->do_action(Array)
#9 /home/drbastaninejad/public_html/wp-content/plugins/seo-by-rank-math/includes/traits/class-hooker.php(90): do_action_ref_array('rank_math/head', Array)
#10 /home/drbastaninejad/public_html/wp-content/plugins/seo-by-rank-math/includes/frontend/class-head.php(189): RankMath\Frontend\Head->do_action('head')
#11 /home/drbastaninejad/public_html/wp-includes/class-wp-hook.php(341): RankMath\Frontend\Head->head('')
#12 /home/drbastaninejad/public_html/wp-includes/class-wp-hook.php(365): WP_Hook->apply_filters(NULL, Array)
#13 /home/drbastaninejad/public_html/wp-includes/plugin.php(522): WP_Hook->do_action(Array)
#14 /home/drbastaninejad/public_html/wp-includes/general-template.php(3208): do_action('wp_head')
#15 /home/drbastaninejad/public_html/wp-content/themes/drbastaninejad-theme/header.php(6): wp_head()
#16 /home/drbastaninejad/public_html/wp-includes/template.php(814): require_once('/home/drbastani...')
#17 /home/drbastaninejad/public_html/wp-includes/template.php(749): load_template('/home/drbastani...', true, Array)
#18 /home/drbastaninejad/public_html/wp-includes/general-template.php(48): locate_template(Array, true, true, Array)
#19 /home/drbastaninejad/public_html/wp-content/themes/drbastaninejad-theme/page.php(1): get_header()
#20 /home/drbastaninejad/public_html/wp-includes/template-loader.php(132): include('/home/drbastani...')
#21 /home/drbastaninejad/public_html/wp-blog-header.php(19): require_once('/home/drbastani...')
#22 /home/drbastaninejad/public_html/index.php(17): require('/home/drbastani...')
#23 {main}
  thrown in /home/drbastaninejad/public_html/wp-content/plugins/seo-by-rank-math/includes/modules/schema/class-frontend.php on line 73
[16-Aug-2026 12:00:29 UTC] PHP Fatal error:  Uncaught TypeError: Cannot access offset of type string on string in /home/drbastaninejad/public_html/wp-content/plugins/seo-by-rank-math/includes/modules/schema/class-frontend.php:73
Stack trace:
#0 [internal function]: RankMath\Schema\Frontend->RankMath\Schema\{closure}('a:7:{s:8:"metad...')
#1 /home/drbastaninejad/public_html/wp-content/plugins/seo-by-rank-math/includes/modules/schema/class-frontend.php(70): array_filter(Array, Object(Closure))
#2 /home/drbastaninejad/public_html/wp-includes/class-wp-hook.php(341): RankMath\Schema\Frontend->add_schema(Array, Object(RankMath\Schema\JsonLD))
#3 /home/drbastaninejad/public_html/wp-includes/plugin.php(256): WP_Hook->apply_filters(Array, Array)
#4 /home/drbastaninejad/public_html/wp-content/plugins/seo-by-rank-math/includes/traits/class-hooker.php(106): apply_filters_ref_array('rank_math/json_...', Array)
#5 /home/drbastaninejad/public_html/wp-content/plugins/seo-by-rank-math/includes/modules/schema/class-jsonld.php(149): RankMath\Schema\JsonLD->do_filter('json_ld', Array, Object(RankMath\Schema\JsonLD))
#6 /home/drbastaninejad/public_html/wp-includes/class-wp-hook.php(341): RankMath\Schema\JsonLD->json_ld()
#7 /home/drbastaninejad/public_html/wp-includes/class-wp-hook.php(365): WP_Hook->apply_filters(NULL, Array)
#8 /home/drbastaninejad/public_html/wp-includes/plugin.php(570): WP_Hook->do_action(Array)
#9 /home/drbastaninejad/public_html/wp-content/plugins/seo-by-rank-math/includes/traits/class-hooker.php(90): do_action_ref_array('rank_math/head', Array)
#10 /home/drbastaninejad/public_html/wp-content/plugins/seo-by-rank-math/includes/frontend/class-head.php(189): RankMath\Frontend\Head->do_action('head')
#11 /home/drbastaninejad/public_html/wp-includes/class-wp-hook.php(341): RankMath\Frontend\Head->head('')
#12 /home/drbastaninejad/public_html/wp-includes/class-wp-hook.php(365): WP_Hook->apply_filters(NULL, Array)
#13 /home/drbastaninejad/public_html/wp-includes/plugin.php(522): WP_Hook->do_action(Array)
#14 /home/drbastaninejad/public_html/wp-includes/general-template.php(3208): do_action('wp_head')
#15 /home/drbastaninejad/public_html/wp-content/themes/drbastaninejad-theme/header.php(6): wp_head()
#16 /home/drbastaninejad/public_html/wp-includes/template.php(814): require_once('/home/drbastani...')
#17 /home/drbastaninejad/public_html/wp-includes/template.php(749): load_template('/home/drbastani...', true, Array)
#18 /home/drbastaninejad/public_html/wp-includes/general-template.php(48): locate_template(Array, true, true, Array)
#19 /home/drbastaninejad/public_html/wp-content/themes/drbastaninejad-theme/page.php(1): get_header()
#20 /home/drbastaninejad/public_html/wp-includes/template-loader.php(132): include('/home/drbastani...')
#21 /home/drbastaninejad/public_html/wp-blog-header.php(19): require_once('/home/drbastani...')
#22 /home/drbastaninejad/public_html/index.php(17): require('/home/drbastani...')
#23 {main}
  thrown in /home/drbastaninejad/public_html/wp-content/plugins/seo-by-rank-math/includes/modules/schema/class-frontend.php on line 73
[16-Aug-2026 12:00:30 UTC] PHP Fatal error:  Uncaught TypeError: Cannot access offset of type string on string in /home/drbastaninejad/public_html/wp-content/plugins/seo-by-rank-math/includes/modules/schema/class-frontend.php:73
Stack trace:
#0 [internal function]: RankMath\Schema\Frontend->RankMath\Schema\{closure}('a:7:{s:8:"metad...')
#1 /home/drbastaninejad/public_html/wp-content/plugins/seo-by-rank-math/includes/modules/schema/class-frontend.php(70): array_filter(Array, Object(Closure))
#2 /home/drbastaninejad/public_html/wp-includes/class-wp-hook.php(341): RankMath\Schema\Frontend->add_schema(Array, Object(RankMath\Schema\JsonLD))
#3 /home/drbastaninejad/public_html/wp-includes/plugin.php(256): WP_Hook->apply_filters(Array, Array)
#4 /home/drbastaninejad/public_html/wp-content/plugins/seo-by-rank-math/includes/traits/class-hooker.php(106): apply_filters_ref_array('rank_math/json_...', Array)
#5 /home/drbastaninejad/public_html/wp-content/plugins/seo-by-rank-math/includes/modules/schema/class-jsonld.php(149): RankMath\Schema\JsonLD->do_filter('json_ld', Array, Object(RankMath\Schema\JsonLD))
#6 /home/drbastaninejad/public_html/wp-includes/class-wp-hook.php(341): RankMath\Schema\JsonLD->json_ld()
#7 /home/drbastaninejad/public_html/wp-includes/class-wp-hook.php(365): WP_Hook->apply_filters(NULL, Array)
#8 /home/drbastaninejad/public_html/wp-includes/plugin.php(570): WP_Hook->do_action(Array)
#9 /home/drbastaninejad/public_html/wp-content/plugins/seo-by-rank-math/includes/traits/class-hooker.php(90): do_action_ref_array('rank_math/head', Array)
#10 /home/drbastaninejad/public_html/wp-content/plugins/seo-by-rank-math/includes/frontend/class-head.php(189): RankMath\Frontend\Head->do_action('head')
#11 /home/drbastaninejad/public_html/wp-includes/class-wp-hook.php(341): RankMath\Frontend\Head->head('')
#12 /home/drbastaninejad/public_html/wp-includes/class-wp-hook.php(365): WP_Hook->apply_filters(NULL, Array)
#13 /home/drbastaninejad/public_html/wp-includes/plugin.php(522): WP_Hook->do_action(Array)
#14 /home/drbastaninejad/public_html/wp-includes/general-template.php(3208): do_action('wp_head')
#15 /home/drbastaninejad/public_html/wp-content/themes/drbastaninejad-theme/header.php(6): wp_head()
#16 /home/drbastaninejad/public_html/wp-includes/template.php(814): require_once('/home/drbastani...')
#17 /home/drbastaninejad/public_html/wp-includes/template.php(749): load_template('/home/drbastani...', true, Array)
#18 /home/drbastaninejad/public_html/wp-includes/general-template.php(48): locate_template(Array, true, true, Array)
#19 /home/drbastaninejad/public_html/wp-content/themes/drbastaninejad-theme/page.php(1): get_header()
#20 /home/drbastaninejad/public_html/wp-includes/template-loader.php(132): include('/home/drbastani...')
#21 /home/drbastaninejad/public_html/wp-blog-header.php(19): require_once('/home/drbastani...')
#22 /home/drbastaninejad/public_html/index.php(17): require('/home/drbastani...')
#23 {main}
  thrown in /home/drbastaninejad/public_html/wp-content/plugins/seo-by-rank-math/includes/modules/schema/class-frontend.php on line 73
[16-Aug-2026 12:00:31 UTC] PHP Fatal error:  Uncaught TypeError: Cannot access offset of type string on string in /home/drbastaninejad/public_html/wp-content/plugins/seo-by-rank-math/includes/modules/schema/class-frontend.php:73
Stack trace:
#0 [internal function]: RankMath\Schema\Frontend->RankMath\Schema\{closure}('a:7:{s:8:"metad...')
#1 /home/drbastaninejad/public_html/wp-content/plugins/seo-by-rank-math/includes/modules/schema/class-frontend.php(70): array_filter(Array, Object(Closure))
#2 /home/drbastaninejad/public_html/wp-includes/class-wp-hook.php(341): RankMath\Schema\Frontend->add_schema(Array, Object(RankMath\Schema\JsonLD))
#3 /home/drbastaninejad/public_html/wp-includes/plugin.php(256): WP_Hook->apply_filters(Array, Array)
#4 /home/drbastaninejad/public_html/wp-content/plugins/seo-by-rank-math/includes/traits/class-hooker.php(106): apply_filters_ref_array('rank_math/json_...', Array)
#5 /home/drbastaninejad/public_html/wp-content/plugins/seo-by-rank-math/includes/modules/schema/class-jsonld.php(149): RankMath\Schema\JsonLD->do_filter('json_ld', Array, Object(RankMath\Schema\JsonLD))
#6 /home/drbastaninejad/public_html/wp-includes/class-wp-hook.php(341): RankMath\Schema\JsonLD->json_ld()
#7 /home/drbastaninejad/public_html/wp-includes/class-wp-hook.php(365): WP_Hook->apply_filters(NULL, Array)
#8 /home/drbastaninejad/public_html/wp-includes/plugin.php(570): WP_Hook->do_action(Array)
#9 /home/drbastaninejad/public_html/wp-content/plugins/seo-by-rank-math/includes/traits/class-hooker.php(90): do_action_ref_array('rank_math/head', Array)
#10 /home/drbastaninejad/public_html/wp-content/plugins/seo-by-rank-math/includes/frontend/class-head.php(189): RankMath\Frontend\Head->do_action('head')
#11 /home/drbastaninejad/public_html/wp-includes/class-wp-hook.php(341): RankMath\Frontend\Head->head('')
#12 /home/drbastaninejad/public_html/wp-includes/class-wp-hook.php(365): WP_Hook->apply_filters(NULL, Array)
#13 /home/drbastaninejad/public_html/wp-includes/plugin.php(522): WP_Hook->do_action(Array)
#14 /home/drbastaninejad/public_html/wp-includes/general-template.php(3208): do_action('wp_head')
#15 /home/drbastaninejad/public_html/wp-content/themes/drbastaninejad-theme/header.php(6): wp_head()
#16 /home/drbastaninejad/public_html/wp-includes/template.php(814): require_once('/home/drbastani...')
#17 /home/drbastaninejad/public_html/wp-includes/template.php(749): load_template('/home/drbastani...', true, Array)
#18 /home/drbastaninejad/public_html/wp-includes/general-template.php(48): locate_template(Array, true, true, Array)
#19 /home/drbastaninejad/public_html/wp-content/themes/drbastaninejad-theme/page.php(1): get_header()
#20 /home/drbastaninejad/public_html/wp-includes/template-loader.php(132): include('/home/drbastani...')
#21 /home/drbastaninejad/public_html/wp-blog-header.php(19): require_once('/home/drbastani...')
#22 /home/drbastaninejad/public_html/index.php(17): require('/home/drbastani...')
#23 {main}
  thrown in /home/drbastaninejad/public_html/wp-content/plugins/seo-by-rank-math/includes/modules/schema/class-frontend.php on line 73
[16-Aug-2026 15:09:19 UTC] PHP Fatal error:  Uncaught TypeError: Cannot access offset of type string on string in /home/drbastaninejad/public_html/wp-content/plugins/seo-by-rank-math/includes/modules/schema/class-frontend.php:73
Stack trace:
#0 [internal function]: RankMath\Schema\Frontend->RankMath\Schema\{closure}('a:7:{s:8:"metad...')
#1 /home/drbastaninejad/public_html/wp-content/plugins/seo-by-rank-math/includes/modules/schema/class-frontend.php(70): array_filter(Array, Object(Closure))
#2 /home/drbastaninejad/public_html/wp-includes/class-wp-hook.php(341): RankMath\Schema\Frontend->add_schema(Array, Object(RankMath\Schema\JsonLD))
#3 /home/drbastaninejad/public_html/wp-includes/plugin.php(256): WP_Hook->apply_filters(Array, Array)
#4 /home/drbastaninejad/public_html/wp-content/plugins/seo-by-rank-math/includes/traits/class-hooker.php(106): apply_filters_ref_array('rank_math/json_...', Array)
#5 /home/drbastaninejad/public_html/wp-content/plugins/seo-by-rank-math/includes/modules/schema/class-jsonld.php(149): RankMath\Schema\JsonLD->do_filter('json_ld', Array, Object(RankMath\Schema\JsonLD))
#6 /home/drbastaninejad/public_html/wp-includes/class-wp-hook.php(341): RankMath\Schema\JsonLD->json_ld()
#7 /home/drbastaninejad/public_html/wp-includes/class-wp-hook.php(365): WP_Hook->apply_filters(NULL, Array)
#8 /home/drbastaninejad/public_html/wp-includes/plugin.php(570): WP_Hook->do_action(Array)
#9 /home/drbastaninejad/public_html/wp-content/plugins/seo-by-rank-math/includes/traits/class-hooker.php(90): do_action_ref_array('rank_math/head', Array)
#10 /home/drbastaninejad/public_html/wp-content/plugins/seo-by-rank-math/includes/frontend/class-head.php(189): RankMath\Frontend\Head->do_action('head')
#11 /home/drbastaninejad/public_html/wp-includes/class-wp-hook.php(341): RankMath\Frontend\Head->head('')
#12 /home/drbastaninejad/public_html/wp-includes/class-wp-hook.php(365): WP_Hook->apply_filters(NULL, Array)
#13 /home/drbastaninejad/public_html/wp-includes/plugin.php(522): WP_Hook->do_action(Array)
#14 /home/drbastaninejad/public_html/wp-includes/general-template.php(3208): do_action('wp_head')
#15 /home/drbastaninejad/public_html/wp-content/themes/drbastaninejad-theme/header.php(6): wp_head()
#16 /home/drbastaninejad/public_html/wp-includes/template.php(814): require_once('/home/drbastani...')
#17 /home/drbastaninejad/public_html/wp-includes/template.php(749): load_template('/home/drbastani...', true, Array)
#18 /home/drbastaninejad/public_html/wp-includes/general-template.php(48): locate_template(Array, true, true, Array)
#19 /home/drbastaninejad/public_html/wp-content/themes/drbastaninejad-theme/page.php(1): get_header()
#20 /home/drbastaninejad/public_html/wp-includes/template-loader.php(132): include('/home/drbastani...')
#21 /home/drbastaninejad/public_html/wp-blog-header.php(19): require_once('/home/drbastani...')
#22 /home/drbastaninejad/public_html/index.php(17): require('/home/drbastani...')
#23 {main}
  thrown in /home/drbastaninejad/public_html/wp-content/plugins/seo-by-rank-math/includes/modules/schema/class-frontend.php on line 73
[16-Aug-2026 18:06:55 UTC] PHP Fatal error:  Uncaught TypeError: Cannot access offset of type string on string in /home/drbastaninejad/public_html/wp-content/plugins/seo-by-rank-math/includes/modules/schema/class-frontend.php:73
Stack trace:
#0 [internal function]: RankMath\Schema\Frontend->RankMath\Schema\{closure}('a:7:{s:8:"metad...')
#1 /home/drbastaninejad/public_html/wp-content/plugins/seo-by-rank-math/includes/modules/schema/class-frontend.php(70): array_filter(Array, Object(Closure))
#2 /home/drbastaninejad/public_html/wp-includes/class-wp-hook.php(341): RankMath\Schema\Frontend->add_schema(Array, Object(RankMath\Schema\JsonLD))
#3 /home/drbastaninejad/public_html/wp-includes/plugin.php(256): WP_Hook->apply_filters(Array, Array)
#4 /home/drbastaninejad/public_html/wp-content/plugins/seo-by-rank-math/includes/traits/class-hooker.php(106): apply_filters_ref_array('rank_math/json_...', Array)
#5 /home/drbastaninejad/public_html/wp-content/plugins/seo-by-rank-math/includes/modules/schema/class-jsonld.php(149): RankMath\Schema\JsonLD->do_filter('json_ld', Array, Object(RankMath\Schema\JsonLD))
#6 /home/drbastaninejad/public_html/wp-includes/class-wp-hook.php(341): RankMath\Schema\JsonLD->json_ld()
#7 /home/drbastaninejad/public_html/wp-includes/class-wp-hook.php(365): WP_Hook->apply_filters(NULL, Array)
#8 /home/drbastaninejad/public_html/wp-includes/plugin.php(570): WP_Hook->do_action(Array)
#9 /home/drbastaninejad/public_html/wp-content/plugins/seo-by-rank-math/includes/traits/class-hooker.php(90): do_action_ref_array('rank_math/head', Array)
#10 /home/drbastaninejad/public_html/wp-content/plugins/seo-by-rank-math/includes/frontend/class-head.php(189): RankMath\Frontend\Head->do_action('head')
#11 /home/drbastaninejad/public_html/wp-includes/class-wp-hook.php(341): RankMath\Frontend\Head->head('')
#12 /home/drbastaninejad/public_html/wp-includes/class-wp-hook.php(365): WP_Hook->apply_filters(NULL, Array)
#13 /home/drbastaninejad/public_html/wp-includes/plugin.php(522): WP_Hook->do_action(Array)
#14 /home/drbastaninejad/public_html/wp-includes/general-template.php(3208): do_action('wp_head')
#15 /home/drbastaninejad/public_html/wp-content/themes/drbastaninejad-theme/header.php(6): wp_head()
#16 /home/drbastaninejad/public_html/wp-includes/template.php(814): require_once('/home/drbastani...')
#17 /home/drbastaninejad/public_html/wp-includes/template.php(749): load_template('/home/drbastani...', true, Array)
#18 /home/drbastaninejad/public_html/wp-includes/general-template.php(48): locate_template(Array, true, true, Array)
#19 /home/drbastaninejad/public_html/wp-content/themes/drbastaninejad-theme/page.php(1): get_header()
#20 /home/drbastaninejad/public_html/wp-includes/template-loader.php(132): include('/home/drbastani...')
#21 /home/drbastaninejad/public_html/wp-blog-header.php(19): require_once('/home/drbastani...')
#22 /home/drbastaninejad/public_html/index.php(17): require('/home/drbastani...')
#23 {main}
  thrown in /home/drbastaninejad/public_html/wp-content/plugins/seo-by-rank-math/includes/modules/schema/class-frontend.php on line 73
[16-Aug-2026 18:14:57 UTC] PHP Fatal error:  Uncaught TypeError: Cannot access offset of type string on string in /home/drbastaninejad/public_html/wp-content/plugins/seo-by-rank-math/includes/modules/schema/class-frontend.php:73
Stack trace:
#0 [internal function]: RankMath\Schema\Frontend->RankMath\Schema\{closure}('a:7:{s:8:"metad...')
#1 /home/drbastaninejad/public_html/wp-content/plugins/seo-by-rank-math/includes/modules/schema/class-frontend.php(70): array_filter(Array, Object(Closure))
#2 /home/drbastaninejad/public_html/wp-includes/class-wp-hook.php(341): RankMath\Schema\Frontend->add_schema(Array, Object(RankMath\Schema\JsonLD))
#3 /home/drbastaninejad/public_html/wp-includes/plugin.php(256): WP_Hook->apply_filters(Array, Array)
#4 /home/drbastaninejad/public_html/wp-content/plugins/seo-by-rank-math/includes/traits/class-hooker.php(106): apply_filters_ref_array('rank_math/json_...', Array)
#5 /home/drbastaninejad/public_html/wp-content/plugins/seo-by-rank-math/includes/modules/schema/class-jsonld.php(149): RankMath\Schema\JsonLD->do_filter('json_ld', Array, Object(RankMath\Schema\JsonLD))
#6 /home/drbastaninejad/public_html/wp-includes/class-wp-hook.php(341): RankMath\Schema\JsonLD->json_ld()
#7 /home/drbastaninejad/public_html/wp-includes/class-wp-hook.php(365): WP_Hook->apply_filters(NULL, Array)
#8 /home/drbastaninejad/public_html/wp-includes/plugin.php(570): WP_Hook->do_action(Array)
#9 /home/drbastaninejad/public_html/wp-content/plugins/seo-by-rank-math/includes/traits/class-hooker.php(90): do_action_ref_array('rank_math/head', Array)
#10 /home/drbastaninejad/public_html/wp-content/plugins/seo-by-rank-math/includes/frontend/class-head.php(189): RankMath\Frontend\Head->do_action('head')
#11 /home/drbastaninejad/public_html/wp-includes/class-wp-hook.php(341): RankMath\Frontend\Head->head('')
#12 /home/drbastaninejad/public_html/wp-includes/class-wp-hook.php(365): WP_Hook->apply_filters(NULL, Array)
#13 /home/drbastaninejad/public_html/wp-includes/plugin.php(522): WP_Hook->do_action(Array)
#14 /home/drbastaninejad/public_html/wp-includes/general-template.php(3208): do_action('wp_head')
#15 /home/drbastaninejad/public_html/wp-content/themes/drbastaninejad-theme/header.php(6): wp_head()
#16 /home/drbastaninejad/public_html/wp-includes/template.php(814): require_once('/home/drbastani...')
#17 /home/drbastaninejad/public_html/wp-includes/template.php(749): load_template('/home/drbastani...', true, Array)
#18 /home/drbastaninejad/public_html/wp-includes/general-template.php(48): locate_template(Array, true, true, Array)
#19 /home/drbastaninejad/public_html/wp-content/themes/drbastaninejad-theme/page.php(1): get_header()
#20 /home/drbastaninejad/public_html/wp-includes/template-loader.php(132): include('/home/drbastani...')
#21 /home/drbastaninejad/public_html/wp-blog-header.php(19): require_once('/home/drbastani...')
#22 /home/drbastaninejad/public_html/index.php(17): require('/home/drbastani...')
#23 {main}
  thrown in /home/drbastaninejad/public_html/wp-content/plugins/seo-by-rank-math/includes/modules/schema/class-frontend.php on line 73
[16-Aug-2026 20:55:55 UTC] PHP Fatal error:  Uncaught TypeError: Cannot access offset of type string on string in /home/drbastaninejad/public_html/wp-content/plugins/seo-by-rank-math/includes/modules/schema/class-frontend.php:73
Stack trace:
#0 [internal function]: RankMath\Schema\Frontend->RankMath\Schema\{closure}('a:7:{s:8:"metad...')
#1 /home/drbastaninejad/public_html/wp-content/plugins/seo-by-rank-math/includes/modules/schema/class-frontend.php(70): array_filter(Array, Object(Closure))
#2 /home/drbastaninejad/public_html/wp-includes/class-wp-hook.php(341): RankMath\Schema\Frontend->add_schema(Array, Object(RankMath\Schema\JsonLD))
#3 /home/drbastaninejad/public_html/wp-includes/plugin.php(256): WP_Hook->apply_filters(Array, Array)
#4 /home/drbastaninejad/public_html/wp-content/plugins/seo-by-rank-math/includes/traits/class-hooker.php(106): apply_filters_ref_array('rank_math/json_...', Array)
#5 /home/drbastaninejad/public_html/wp-content/plugins/seo-by-rank-math/includes/modules/schema/class-jsonld.php(149): RankMath\Schema\JsonLD->do_filter('json_ld', Array, Object(RankMath\Schema\JsonLD))
#6 /home/drbastaninejad/public_html/wp-includes/class-wp-hook.php(341): RankMath\Schema\JsonLD->json_ld()
#7 /home/drbastaninejad/public_html/wp-includes/class-wp-hook.php(365): WP_Hook->apply_filters(NULL, Array)
#8 /home/drbastaninejad/public_html/wp-includes/plugin.php(570): WP_Hook->do_action(Array)
#9 /home/drbastaninejad/public_html/wp-content/plugins/seo-by-rank-math/includes/traits/class-hooker.php(90): do_action_ref_array('rank_math/head', Array)
#10 /home/drbastaninejad/public_html/wp-content/plugins/seo-by-rank-math/includes/frontend/class-head.php(189): RankMath\Frontend\Head->do_action('head')
#11 /home/drbastaninejad/public_html/wp-includes/class-wp-hook.php(341): RankMath\Frontend\Head->head('')
#12 /home/drbastaninejad/public_html/wp-includes/class-wp-hook.php(365): WP_Hook->apply_filters(NULL, Array)
#13 /home/drbastaninejad/public_html/wp-includes/plugin.php(522): WP_Hook->do_action(Array)
#14 /home/drbastaninejad/public_html/wp-includes/general-template.php(3208): do_action('wp_head')
#15 /home/drbastaninejad/public_html/wp-content/themes/drbastaninejad-theme/header.php(6): wp_head()
#16 /home/drbastaninejad/public_html/wp-includes/template.php(814): require_once('/home/drbastani...')
#17 /home/drbastaninejad/public_html/wp-includes/template.php(749): load_template('/home/drbastani...', true, Array)
#18 /home/drbastaninejad/public_html/wp-includes/general-template.php(48): locate_template(Array, true, true, Array)
#19 /home/drbastaninejad/public_html/wp-content/themes/drbastaninejad-theme/page.php(1): get_header()
#20 /home/drbastaninejad/public_html/wp-includes/template-loader.php(132): include('/home/drbastani...')
#21 /home/drbastaninejad/public_html/wp-blog-header.php(19): require_once('/home/drbastani...')
#22 /home/drbastaninejad/public_html/index.php(17): require('/home/drbastani...')
#23 {main}
  thrown in /home/drbastaninejad/public_html/wp-content/plugins/seo-by-rank-math/includes/modules/schema/class-frontend.php on line 73
[16-Aug-2026 23:42:28 UTC] PHP Fatal error:  Uncaught TypeError: Cannot access offset of type string on string in /home/drbastaninejad/public_html/wp-content/plugins/seo-by-rank-math/includes/modules/schema/class-frontend.php:73
Stack trace:
#0 [internal function]: RankMath\Schema\Frontend->RankMath\Schema\{closure}('a:7:{s:8:"metad...')
#1 /home/drbastaninejad/public_html/wp-content/plugins/seo-by-rank-math/includes/modules/schema/class-frontend.php(70): array_filter(Array, Object(Closure))
#2 /home/drbastaninejad/public_html/wp-includes/class-wp-hook.php(341): RankMath\Schema\Frontend->add_schema(Array, Object(RankMath\Schema\JsonLD))
#3 /home/drbastaninejad/public_html/wp-includes/plugin.php(256): WP_Hook->apply_filters(Array, Array)
#4 /home/drbastaninejad/public_html/wp-content/plugins/seo-by-rank-math/includes/traits/class-hooker.php(106): apply_filters_ref_array('rank_math/json_...', Array)
#5 /home/drbastaninejad/public_html/wp-content/plugins/seo-by-rank-math/includes/modules/schema/class-jsonld.php(149): RankMath\Schema\JsonLD->do_filter('json_ld', Array, Object(RankMath\Schema\JsonLD))
#6 /home/drbastaninejad/public_html/wp-includes/class-wp-hook.php(341): RankMath\Schema\JsonLD->json_ld()
#7 /home/drbastaninejad/public_html/wp-includes/class-wp-hook.php(365): WP_Hook->apply_filters(NULL, Array)
#8 /home/drbastaninejad/public_html/wp-includes/plugin.php(570): WP_Hook->do_action(Array)
#9 /home/drbastaninejad/public_html/wp-content/plugins/seo-by-rank-math/includes/traits/class-hooker.php(90): do_action_ref_array('rank_math/head', Array)
#10 /home/drbastaninejad/public_html/wp-content/plugins/seo-by-rank-math/includes/frontend/class-head.php(189): RankMath\Frontend\Head->do_action('head')
#11 /home/drbastaninejad/public_html/wp-includes/class-wp-hook.php(341): RankMath\Frontend\Head->head('')
#12 /home/drbastaninejad/public_html/wp-includes/class-wp-hook.php(365): WP_Hook->apply_filters(NULL, Array)
#13 /home/drbastaninejad/public_html/wp-includes/plugin.php(522): WP_Hook->do_action(Array)
#14 /home/drbastaninejad/public_html/wp-includes/general-template.php(3208): do_action('wp_head')
#15 /home/drbastaninejad/public_html/wp-content/themes/drbastaninejad-theme/header.php(6): wp_head()
#16 /home/drbastaninejad/public_html/wp-includes/template.php(814): require_once('/home/drbastani...')
#17 /home/drbastaninejad/public_html/wp-includes/template.php(749): load_template('/home/drbastani...', true, Array)
#18 /home/drbastaninejad/public_html/wp-includes/general-template.php(48): locate_template(Array, true, true, Array)
#19 /home/drbastaninejad/public_html/wp-content/themes/drbastaninejad-theme/page.php(1): get_header()
#20 /home/drbastaninejad/public_html/wp-includes/template-loader.php(132): include('/home/drbastani...')
#21 /home/drbastaninejad/public_html/wp-blog-header.php(19): require_once('/home/drbastani...')
#22 /home/drbastaninejad/public_html/index.php(17): require('/home/drbastani...')
#23 {main}
  thrown in /home/drbastaninejad/public_html/wp-content/plugins/seo-by-rank-math/includes/modules/schema/class-frontend.php on line 73
[16-Aug-2026 23:42:29 UTC] PHP Fatal error:  Uncaught TypeError: Cannot access offset of type string on string in /home/drbastaninejad/public_html/wp-content/plugins/seo-by-rank-math/includes/modules/schema/class-frontend.php:73
Stack trace:
#0 [internal function]: RankMath\Schema\Frontend->RankMath\Schema\{closure}('a:7:{s:8:"metad...')
#1 /home/drbastaninejad/public_html/wp-content/plugins/seo-by-rank-math/includes/modules/schema/class-frontend.php(70): array_filter(Array, Object(Closure))
#2 /home/drbastaninejad/public_html/wp-includes/class-wp-hook.php(341): RankMath\Schema\Frontend->add_schema(Array, Object(RankMath\Schema\JsonLD))
#3 /home/drbastaninejad/public_html/wp-includes/plugin.php(256): WP_Hook->apply_filters(Array, Array)
#4 /home/drbastaninejad/public_html/wp-content/plugins/seo-by-rank-math/includes/traits/class-hooker.php(106): apply_filters_ref_array('rank_math/json_...', Array)
#5 /home/drbastaninejad/public_html/wp-content/plugins/seo-by-rank-math/includes/modules/schema/class-jsonld.php(149): RankMath\Schema\JsonLD->do_filter('json_ld', Array, Object(RankMath\Schema\JsonLD))
#6 /home/drbastaninejad/public_html/wp-includes/class-wp-hook.php(341): RankMath\Schema\JsonLD->json_ld()
#7 /home/drbastaninejad/public_html/wp-includes/class-wp-hook.php(365): WP_Hook->apply_filters(NULL, Array)
#8 /home/drbastaninejad/public_html/wp-includes/plugin.php(570): WP_Hook->do_action(Array)
#9 /home/drbastaninejad/public_html/wp-content/plugins/seo-by-rank-math/includes/traits/class-hooker.php(90): do_action_ref_array('rank_math/head', Array)
#10 /home/drbastaninejad/public_html/wp-content/plugins/seo-by-rank-math/includes/frontend/class-head.php(189): RankMath\Frontend\Head->do_action('head')
#11 /home/drbastaninejad/public_html/wp-includes/class-wp-hook.php(341): RankMath\Frontend\Head->head('')
#12 /home/drbastaninejad/public_html/wp-includes/class-wp-hook.php(365): WP_Hook->apply_filters(NULL, Array)
#13 /home/drbastaninejad/public_html/wp-includes/plugin.php(522): WP_Hook->do_action(Array)
#14 /home/drbastaninejad/public_html/wp-includes/general-template.php(3208): do_action('wp_head')
#15 /home/drbastaninejad/public_html/wp-content/themes/drbastaninejad-theme/header.php(6): wp_head()
#16 /home/drbastaninejad/public_html/wp-includes/template.php(814): require_once('/home/drbastani...')
#17 /home/drbastaninejad/public_html/wp-includes/template.php(749): load_template('/home/drbastani...', true, Array)
#18 /home/drbastaninejad/public_html/wp-includes/general-template.php(48): locate_template(Array, true, true, Array)
#19 /home/drbastaninejad/public_html/wp-content/themes/drbastaninejad-theme/page.php(1): get_header()
#20 /home/drbastaninejad/public_html/wp-includes/template-loader.php(132): include('/home/drbastani...')
#21 /home/drbastaninejad/public_html/wp-blog-header.php(19): require_once('/home/drbastani...')
#22 /home/drbastaninejad/public_html/index.php(17): require('/home/drbastani...')
#23 {main}
  thrown in /home/drbastaninejad/public_html/wp-content/plugins/seo-by-rank-math/includes/modules/schema/class-frontend.php on line 73
[16-Aug-2026 23:42:29 UTC] PHP Fatal error:  Uncaught TypeError: Cannot access offset of type string on string in /home/drbastaninejad/public_html/wp-content/plugins/seo-by-rank-math/includes/modules/schema/class-frontend.php:73
Stack trace:
#0 [internal function]: RankMath\Schema\Frontend->RankMath\Schema\{closure}('a:7:{s:8:"metad...')
#1 /home/drbastaninejad/public_html/wp-content/plugins/seo-by-rank-math/includes/modules/schema/class-frontend.php(70): array_filter(Array, Object(Closure))
#2 /home/drbastaninejad/public_html/wp-includes/class-wp-hook.php(341): RankMath\Schema\Frontend->add_schema(Array, Object(RankMath\Schema\JsonLD))
#3 /home/drbastaninejad/public_html/wp-includes/plugin.php(256): WP_Hook->apply_filters(Array, Array)
#4 /home/drbastaninejad/public_html/wp-content/plugins/seo-by-rank-math/includes/traits/class-hooker.php(106): apply_filters_ref_array('rank_math/json_...', Array)
#5 /home/drbastaninejad/public_html/wp-content/plugins/seo-by-rank-math/includes/modules/schema/class-jsonld.php(149): RankMath\Schema\JsonLD->do_filter('json_ld', Array, Object(RankMath\Schema\JsonLD))
#6 /home/drbastaninejad/public_html/wp-includes/class-wp-hook.php(341): RankMath\Schema\JsonLD->json_ld()
#7 /home/drbastaninejad/public_html/wp-includes/class-wp-hook.php(365): WP_Hook->apply_filters(NULL, Array)
#8 /home/drbastaninejad/public_html/wp-includes/plugin.php(570): WP_Hook->do_action(Array)
#9 /home/drbastaninejad/public_html/wp-content/plugins/seo-by-rank-math/includes/traits/class-hooker.php(90): do_action_ref_array('rank_math/head', Array)
#10 /home/drbastaninejad/public_html/wp-content/plugins/seo-by-rank-math/includes/frontend/class-head.php(189): RankMath\Frontend\Head->do_action('head')
#11 /home/drbastaninejad/public_html/wp-includes/class-wp-hook.php(341): RankMath\Frontend\Head->head('')
#12 /home/drbastaninejad/public_html/wp-includes/class-wp-hook.php(365): WP_Hook->apply_filters(NULL, Array)
#13 /home/drbastaninejad/public_html/wp-includes/plugin.php(522): WP_Hook->do_action(Array)
#14 /home/drbastaninejad/public_html/wp-includes/general-template.php(3208): do_action('wp_head')
#15 /home/drbastaninejad/public_html/wp-content/themes/drbastaninejad-theme/header.php(6): wp_head()
#16 /home/drbastaninejad/public_html/wp-includes/template.php(814): require_once('/home/drbastani...')
#17 /home/drbastaninejad/public_html/wp-includes/template.php(749): load_template('/home/drbastani...', true, Array)
#18 /home/drbastaninejad/public_html/wp-includes/general-template.php(48): locate_template(Array, true, true, Array)
#19 /home/drbastaninejad/public_html/wp-content/themes/drbastaninejad-theme/page.php(1): get_header()
#20 /home/drbastaninejad/public_html/wp-includes/template-loader.php(132): include('/home/drbastani...')
#21 /home/drbastaninejad/public_html/wp-blog-header.php(19): require_once('/home/drbastani...')
#22 /home/drbastaninejad/public_html/index.php(17): require('/home/drbastani...')
#23 {main}
  thrown in /home/drbastaninejad/public_html/wp-content/plugins/seo-by-rank-math/includes/modules/schema/class-frontend.php on line 73
[16-Aug-2026 23:42:30 UTC] PHP Fatal error:  Uncaught TypeError: Cannot access offset of type string on string in /home/drbastaninejad/public_html/wp-content/plugins/seo-by-rank-math/includes/modules/schema/class-frontend.php:73
Stack trace:
#0 [internal function]: RankMath\Schema\Frontend->RankMath\Schema\{closure}('a:7:{s:8:"metad...')
#1 /home/drbastaninejad/public_html/wp-content/plugins/seo-by-rank-math/includes/modules/schema/class-frontend.php(70): array_filter(Array, Object(Closure))
#2 /home/drbastaninejad/public_html/wp-includes/class-wp-hook.php(341): RankMath\Schema\Frontend->add_schema(Array, Object(RankMath\Schema\JsonLD))
#3 /home/drbastaninejad/public_html/wp-includes/plugin.php(256): WP_Hook->apply_filters(Array, Array)
#4 /home/drbastaninejad/public_html/wp-content/plugins/seo-by-rank-math/includes/traits/class-hooker.php(106): apply_filters_ref_array('rank_math/json_...', Array)
#5 /home/drbastaninejad/public_html/wp-content/plugins/seo-by-rank-math/includes/modules/schema/class-jsonld.php(149): RankMath\Schema\JsonLD->do_filter('json_ld', Array, Object(RankMath\Schema\JsonLD))
#6 /home/drbastaninejad/public_html/wp-includes/class-wp-hook.php(341): RankMath\Schema\JsonLD->json_ld()
#7 /home/drbastaninejad/public_html/wp-includes/class-wp-hook.php(365): WP_Hook->apply_filters(NULL, Array)
#8 /home/drbastaninejad/public_html/wp-includes/plugin.php(570): WP_Hook->do_action(Array)
#9 /home/drbastaninejad/public_html/wp-content/plugins/seo-by-rank-math/includes/traits/class-hooker.php(90): do_action_ref_array('rank_math/head', Array)
#10 /home/drbastaninejad/public_html/wp-content/plugins/seo-by-rank-math/includes/frontend/class-head.php(189): RankMath\Frontend\Head->do_action('head')
#11 /home/drbastaninejad/public_html/wp-includes/class-wp-hook.php(341): RankMath\Frontend\Head->head('')
#12 /home/drbastaninejad/public_html/wp-includes/class-wp-hook.php(365): WP_Hook->apply_filters(NULL, Array)
#13 /home/drbastaninejad/public_html/wp-includes/plugin.php(522): WP_Hook->do_action(Array)
#14 /home/drbastaninejad/public_html/wp-includes/general-template.php(3208): do_action('wp_head')
#15 /home/drbastaninejad/public_html/wp-content/themes/drbastaninejad-theme/header.php(6): wp_head()
#16 /home/drbastaninejad/public_html/wp-includes/template.php(814): require_once('/home/drbastani...')
#17 /home/drbastaninejad/public_html/wp-includes/template.php(749): load_template('/home/drbastani...', true, Array)
#18 /home/drbastaninejad/public_html/wp-includes/general-template.php(48): locate_template(Array, true, true, Array)
#19 /home/drbastaninejad/public_html/wp-content/themes/drbastaninejad-theme/page.php(1): get_header()
#20 /home/drbastaninejad/public_html/wp-includes/template-loader.php(132): include('/home/drbastani...')
#21 /home/drbastaninejad/public_html/wp-blog-header.php(19): require_once('/home/drbastani...')
#22 /home/drbastaninejad/public_html/index.php(17): require('/home/drbastani...')
#23 {main}
  thrown in /home/drbastaninejad/public_html/wp-content/plugins/seo-by-rank-math/includes/modules/schema/class-frontend.php on line 73
[17-Aug-2026 02:50:08 UTC] PHP Fatal error:  Uncaught TypeError: Cannot access offset of type string on string in /home/drbastaninejad/public_html/wp-content/plugins/seo-by-rank-math/includes/modules/schema/class-frontend.php:73
Stack trace:
#0 [internal function]: RankMath\Schema\Frontend->RankMath\Schema\{closure}('a:7:{s:8:"metad...')
#1 /home/drbastaninejad/public_html/wp-content/plugins/seo-by-rank-math/includes/modules/schema/class-frontend.php(70): array_filter(Array, Object(Closure))
#2 /home/drbastaninejad/public_html/wp-includes/class-wp-hook.php(341): RankMath\Schema\Frontend->add_schema(Array, Object(RankMath\Schema\JsonLD))
#3 /home/drbastaninejad/public_html/wp-includes/plugin.php(256): WP_Hook->apply_filters(Array, Array)
#4 /home/drbastaninejad/public_html/wp-content/plugins/seo-by-rank-math/includes/traits/class-hooker.php(106): apply_filters_ref_array('rank_math/json_...', Array)
#5 /home/drbastaninejad/public_html/wp-content/plugins/seo-by-rank-math/includes/modules/schema/class-jsonld.php(149): RankMath\Schema\JsonLD->do_filter('json_ld', Array, Object(RankMath\Schema\JsonLD))
#6 /home/drbastaninejad/public_html/wp-includes/class-wp-hook.php(341): RankMath\Schema\JsonLD->json_ld()
#7 /home/drbastaninejad/public_html/wp-includes/class-wp-hook.php(365): WP_Hook->apply_filters(NULL, Array)
#8 /home/drbastaninejad/public_html/wp-includes/plugin.php(570): WP_Hook->do_action(Array)
#9 /home/drbastaninejad/public_html/wp-content/plugins/seo-by-rank-math/includes/traits/class-hooker.php(90): do_action_ref_array('rank_math/head', Array)
#10 /home/drbastaninejad/public_html/wp-content/plugins/seo-by-rank-math/includes/frontend/class-head.php(189): RankMath\Frontend\Head->do_action('head')
#11 /home/drbastaninejad/public_html/wp-includes/class-wp-hook.php(341): RankMath\Frontend\Head->head('')
#12 /home/drbastaninejad/public_html/wp-includes/class-wp-hook.php(365): WP_Hook->apply_filters(NULL, Array)
#13 /home/drbastaninejad/public_html/wp-includes/plugin.php(522): WP_Hook->do_action(Array)
#14 /home/drbastaninejad/public_html/wp-includes/general-template.php(3208): do_action('wp_head')
#15 /home/drbastaninejad/public_html/wp-content/themes/drbastaninejad-theme/header.php(6): wp_head()
#16 /home/drbastaninejad/public_html/wp-includes/template.php(814): require_once('/home/drbastani...')
#17 /home/drbastaninejad/public_html/wp-includes/template.php(749): load_template('/home/drbastani...', true, Array)
#18 /home/drbastaninejad/public_html/wp-includes/general-template.php(48): locate_template(Array, true, true, Array)
#19 /home/drbastaninejad/public_html/wp-content/themes/drbastaninejad-theme/page.php(1): get_header()
#20 /home/drbastaninejad/public_html/wp-includes/template-loader.php(132): include('/home/drbastani...')
#21 /home/drbastaninejad/public_html/wp-blog-header.php(19): require_once('/home/drbastani...')
#22 /home/drbastaninejad/public_html/index.php(17): require('/home/drbastani...')
#23 {main}
  thrown in /home/drbastaninejad/public_html/wp-content/plugins/seo-by-rank-math/includes/modules/schema/class-frontend.php on line 73
[17-Aug-2026 04:58:42 UTC] PHP Fatal error:  Uncaught TypeError: Cannot access offset of type string on string in /home/drbastaninejad/public_html/wp-content/plugins/seo-by-rank-math/includes/modules/schema/class-frontend.php:73
Stack trace:
#0 [internal function]: RankMath\Schema\Frontend->RankMath\Schema\{closure}('a:7:{s:8:"metad...')
#1 /home/drbastaninejad/public_html/wp-content/plugins/seo-by-rank-math/includes/modules/schema/class-frontend.php(70): array_filter(Array, Object(Closure))
#2 /home/drbastaninejad/public_html/wp-includes/class-wp-hook.php(341): RankMath\Schema\Frontend->add_schema(Array, Object(RankMath\Schema\JsonLD))
#3 /home/drbastaninejad/public_html/wp-includes/plugin.php(256): WP_Hook->apply_filters(Array, Array)
#4 /home/drbastaninejad/public_html/wp-content/plugins/seo-by-rank-math/includes/traits/class-hooker.php(106): apply_filters_ref_array('rank_math/json_...', Array)
#5 /home/drbastaninejad/public_html/wp-content/plugins/seo-by-rank-math/includes/modules/schema/class-jsonld.php(149): RankMath\Schema\JsonLD->do_filter('json_ld', Array, Object(RankMath\Schema\JsonLD))
#6 /home/drbastaninejad/public_html/wp-includes/class-wp-hook.php(341): RankMath\Schema\JsonLD->json_ld()
#7 /home/drbastaninejad/public_html/wp-includes/class-wp-hook.php(365): WP_Hook->apply_filters(NULL, Array)
#8 /home/drbastaninejad/public_html/wp-includes/plugin.php(570): WP_Hook->do_action(Array)
#9 /home/drbastaninejad/public_html/wp-content/plugins/seo-by-rank-math/includes/traits/class-hooker.php(90): do_action_ref_array('rank_math/head', Array)
#10 /home/drbastaninejad/public_html/wp-content/plugins/seo-by-rank-math/includes/frontend/class-head.php(189): RankMath\Frontend\Head->do_action('head')
#11 /home/drbastaninejad/public_html/wp-includes/class-wp-hook.php(341): RankMath\Frontend\Head->head('')
#12 /home/drbastaninejad/public_html/wp-includes/class-wp-hook.php(365): WP_Hook->apply_filters(NULL, Array)
#13 /home/drbastaninejad/public_html/wp-includes/plugin.php(522): WP_Hook->do_action(Array)
#14 /home/drbastaninejad/public_html/wp-includes/general-template.php(3208): do_action('wp_head')
#15 /home/drbastaninejad/public_html/wp-content/themes/drbastaninejad-theme/header.php(6): wp_head()
#16 /home/drbastaninejad/public_html/wp-includes/template.php(814): require_once('/home/drbastani...')
#17 /home/drbastaninejad/public_html/wp-includes/template.php(749): load_template('/home/drbastani...', true, Array)
#18 /home/drbastaninejad/public_html/wp-includes/general-template.php(48): locate_template(Array, true, true, Array)
#19 /home/drbastaninejad/public_html/wp-content/themes/drbastaninejad-theme/page.php(1): get_header()
#20 /home/drbastaninejad/public_html/wp-includes/template-loader.php(132): include('/home/drbastani...')
#21 /home/drbastaninejad/public_html/wp-blog-header.php(19): require_once('/home/drbastani...')
#22 /home/drbastaninejad/public_html/index.php(17): require('/home/drbastani...')
#23 {main}
  thrown in /home/drbastaninejad/public_html/wp-content/plugins/seo-by-rank-math/includes/modules/schema/class-frontend.php on line 73
[17-Aug-2026 07:52:31 UTC] PHP Fatal error:  Uncaught TypeError: Cannot access offset of type string on string in /home/drbastaninejad/public_html/wp-content/plugins/seo-by-rank-math/includes/modules/schema/class-frontend.php:73
Stack trace:
#0 [internal function]: RankMath\Schema\Frontend->RankMath\Schema\{closure}('a:7:{s:8:"metad...')
#1 /home/drbastaninejad/public_html/wp-content/plugins/seo-by-rank-math/includes/modules/schema/class-frontend.php(70): array_filter(Array, Object(Closure))
#2 /home/drbastaninejad/public_html/wp-includes/class-wp-hook.php(341): RankMath\Schema\Frontend->add_schema(Array, Object(RankMath\Schema\JsonLD))
#3 /home/drbastaninejad/public_html/wp-includes/plugin.php(256): WP_Hook->apply_filters(Array, Array)
#4 /home/drbastaninejad/public_html/wp-content/plugins/seo-by-rank-math/includes/traits/class-hooker.php(106): apply_filters_ref_array('rank_math/json_...', Array)
#5 /home/drbastaninejad/public_html/wp-content/plugins/seo-by-rank-math/includes/modules/schema/class-jsonld.php(149): RankMath\Schema\JsonLD->do_filter('json_ld', Array, Object(RankMath\Schema\JsonLD))
#6 /home/drbastaninejad/public_html/wp-includes/class-wp-hook.php(341): RankMath\Schema\JsonLD->json_ld()
#7 /home/drbastaninejad/public_html/wp-includes/class-wp-hook.php(365): WP_Hook->apply_filters(NULL, Array)
#8 /home/drbastaninejad/public_html/wp-includes/plugin.php(570): WP_Hook->do_action(Array)
#9 /home/drbastaninejad/public_html/wp-content/plugins/seo-by-rank-math/includes/traits/class-hooker.php(90): do_action_ref_array('rank_math/head', Array)
#10 /home/drbastaninejad/public_html/wp-content/plugins/seo-by-rank-math/includes/frontend/class-head.php(189): RankMath\Frontend\Head->do_action('head')
#11 /home/drbastaninejad/public_html/wp-includes/class-wp-hook.php(341): RankMath\Frontend\Head->head('')
#12 /home/drbastaninejad/public_html/wp-includes/class-wp-hook.php(365): WP_Hook->apply_filters(NULL, Array)
#13 /home/drbastaninejad/public_html/wp-includes/plugin.php(522): WP_Hook->do_action(Array)
#14 /home/drbastaninejad/public_html/wp-includes/general-template.php(3208): do_action('wp_head')
#15 /home/drbastaninejad/public_html/wp-content/themes/drbastaninejad-theme/header.php(6): wp_head()
#16 /home/drbastaninejad/public_html/wp-includes/template.php(814): require_once('/home/drbastani...')
#17 /home/drbastaninejad/public_html/wp-includes/template.php(749): load_template('/home/drbastani...', true, Array)
#18 /home/drbastaninejad/public_html/wp-includes/general-template.php(48): locate_template(Array, true, true, Array)
#19 /home/drbastaninejad/public_html/wp-content/themes/drbastaninejad-theme/page.php(1): get_header()
#20 /home/drbastaninejad/public_html/wp-includes/template-loader.php(132): include('/home/drbastani...')
#21 /home/drbastaninejad/public_html/wp-blog-header.php(19): require_once('/home/drbastani...')
#22 /home/drbastaninejad/public_html/index.php(17): require('/home/drbastani...')
#23 {main}
  thrown in /home/drbastaninejad/public_html/wp-content/plugins/seo-by-rank-math/includes/modules/schema/class-frontend.php on line 73
[17-Aug-2026 09:16:36 UTC] PHP Fatal error:  Uncaught TypeError: Cannot access offset of type string on string in /home/drbastaninejad/public_html/wp-content/plugins/seo-by-rank-math/includes/modules/schema/class-frontend.php:73
Stack trace:
#0 [internal function]: RankMath\Schema\Frontend->RankMath\Schema\{closure}('a:7:{s:8:"metad...')
#1 /home/drbastaninejad/public_html/wp-content/plugins/seo-by-rank-math/includes/modules/schema/class-frontend.php(70): array_filter(Array, Object(Closure))
#2 /home/drbastaninejad/public_html/wp-includes/class-wp-hook.php(341): RankMath\Schema\Frontend->add_schema(Array, Object(RankMath\Schema\JsonLD))
#3 /home/drbastaninejad/public_html/wp-includes/plugin.php(256): WP_Hook->apply_filters(Array, Array)
#4 /home/drbastaninejad/public_html/wp-content/plugins/seo-by-rank-math/includes/traits/class-hooker.php(106): apply_filters_ref_array('rank_math/json_...', Array)
#5 /home/drbastaninejad/public_html/wp-content/plugins/seo-by-rank-math/includes/modules/schema/class-jsonld.php(149): RankMath\Schema\JsonLD->do_filter('json_ld', Array, Object(RankMath\Schema\JsonLD))
#6 /home/drbastaninejad/public_html/wp-includes/class-wp-hook.php(341): RankMath\Schema\JsonLD->json_ld()
#7 /home/drbastaninejad/public_html/wp-includes/class-wp-hook.php(365): WP_Hook->apply_filters(NULL, Array)
#8 /home/drbastaninejad/public_html/wp-includes/plugin.php(570): WP_Hook->do_action(Array)
#9 /home/drbastaninejad/public_html/wp-content/plugins/seo-by-rank-math/includes/traits/class-hooker.php(90): do_action_ref_array('rank_math/head', Array)
#10 /home/drbastaninejad/public_html/wp-content/plugins/seo-by-rank-math/includes/frontend/class-head.php(189): RankMath\Frontend\Head->do_action('head')
#11 /home/drbastaninejad/public_html/wp-includes/class-wp-hook.php(341): RankMath\Frontend\Head->head('')
#12 /home/drbastaninejad/public_html/wp-includes/class-wp-hook.php(365): WP_Hook->apply_filters(NULL, Array)
#13 /home/drbastaninejad/public_html/wp-includes/plugin.php(522): WP_Hook->do_action(Array)
#14 /home/drbastaninejad/public_html/wp-includes/general-template.php(3208): do_action('wp_head')
#15 /home/drbastaninejad/public_html/wp-content/themes/drbastaninejad-theme/header.php(6): wp_head()
#16 /home/drbastaninejad/public_html/wp-includes/template.php(814): require_once('/home/drbastani...')
#17 /home/drbastaninejad/public_html/wp-includes/template.php(749): load_template('/home/drbastani...', true, Array)
#18 /home/drbastaninejad/public_html/wp-includes/general-template.php(48): locate_template(Array, true, true, Array)
#19 /home/drbastaninejad/public_html/wp-content/themes/drbastaninejad-theme/page.php(1): get_header()
#20 /home/drbastaninejad/public_html/wp-includes/template-loader.php(132): include('/home/drbastani...')
#21 /home/drbastaninejad/public_html/wp-blog-header.php(19): require_once('/home/drbastani...')
#22 /home/drbastaninejad/public_html/index.php(17): require('/home/drbastani...')
#23 {main}
  thrown in /home/drbastaninejad/public_html/wp-content/plugins/seo-by-rank-math/includes/modules/schema/class-frontend.php on line 73
[17-Aug-2026 11:00:11 UTC] PHP Fatal error:  Uncaught TypeError: Cannot access offset of type string on string in /home/drbastaninejad/public_html/wp-content/plugins/seo-by-rank-math/includes/modules/schema/class-frontend.php:73
Stack trace:
#0 [internal function]: RankMath\Schema\Frontend->RankMath\Schema\{closure}('a:7:{s:8:"metad...')
#1 /home/drbastaninejad/public_html/wp-content/plugins/seo-by-rank-math/includes/modules/schema/class-frontend.php(70): array_filter(Array, Object(Closure))
#2 /home/drbastaninejad/public_html/wp-includes/class-wp-hook.php(341): RankMath\Schema\Frontend->add_schema(Array, Object(RankMath\Schema\JsonLD))
#3 /home/drbastaninejad/public_html/wp-includes/plugin.php(256): WP_Hook->apply_filters(Array, Array)
#4 /home/drbastaninejad/public_html/wp-content/plugins/seo-by-rank-math/includes/traits/class-hooker.php(106): apply_filters_ref_array('rank_math/json_...', Array)
#5 /home/drbastaninejad/public_html/wp-content/plugins/seo-by-rank-math/includes/modules/schema/class-jsonld.php(149): RankMath\Schema\JsonLD->do_filter('json_ld', Array, Object(RankMath\Schema\JsonLD))
#6 /home/drbastaninejad/public_html/wp-includes/class-wp-hook.php(341): RankMath\Schema\JsonLD->json_ld()
#7 /home/drbastaninejad/public_html/wp-includes/class-wp-hook.php(365): WP_Hook->apply_filters(NULL, Array)
#8 /home/drbastaninejad/public_html/wp-includes/plugin.php(570): WP_Hook->do_action(Array)
#9 /home/drbastaninejad/public_html/wp-content/plugins/seo-by-rank-math/includes/traits/class-hooker.php(90): do_action_ref_array('rank_math/head', Array)
#10 /home/drbastaninejad/public_html/wp-content/plugins/seo-by-rank-math/includes/frontend/class-head.php(189): RankMath\Frontend\Head->do_action('head')
#11 /home/drbastaninejad/public_html/wp-includes/class-wp-hook.php(341): RankMath\Frontend\Head->head('')
#12 /home/drbastaninejad/public_html/wp-includes/class-wp-hook.php(365): WP_Hook->apply_filters(NULL, Array)
#13 /home/drbastaninejad/public_html/wp-includes/plugin.php(522): WP_Hook->do_action(Array)
#14 /home/drbastaninejad/public_html/wp-includes/general-template.php(3208): do_action('wp_head')
#15 /home/drbastaninejad/public_html/wp-content/themes/drbastaninejad-theme/header.php(6): wp_head()
#16 /home/drbastaninejad/public_html/wp-includes/template.php(814): require_once('/home/drbastani...')
#17 /home/drbastaninejad/public_html/wp-includes/template.php(749): load_template('/home/drbastani...', true, Array)
#18 /home/drbastaninejad/public_html/wp-includes/general-template.php(48): locate_template(Array, true, true, Array)
#19 /home/drbastaninejad/public_html/wp-content/themes/drbastaninejad-theme/page.php(1): get_header()
#20 /home/drbastaninejad/public_html/wp-includes/template-loader.php(132): include('/home/drbastani...')
#21 /home/drbastaninejad/public_html/wp-blog-header.php(19): require_once('/home/drbastani...')
#22 /home/drbastaninejad/public_html/index.php(17): require('/home/drbastani...')
#23 {main}
  thrown in /home/drbastaninejad/public_html/wp-content/plugins/seo-by-rank-math/includes/modules/schema/class-frontend.php on line 73
[17-Aug-2026 11:51:16 UTC] PHP Fatal error:  Uncaught TypeError: Cannot access offset of type string on string in /home/drbastaninejad/public_html/wp-content/plugins/seo-by-rank-math/includes/modules/schema/class-frontend.php:73
Stack trace:
#0 [internal function]: RankMath\Schema\Frontend->RankMath\Schema\{closure}('a:7:{s:8:"metad...')
#1 /home/drbastaninejad/public_html/wp-content/plugins/seo-by-rank-math/includes/modules/schema/class-frontend.php(70): array_filter(Array, Object(Closure))
#2 /home/drbastaninejad/public_html/wp-includes/class-wp-hook.php(341): RankMath\Schema\Frontend->add_schema(Array, Object(RankMath\Schema\JsonLD))
#3 /home/drbastaninejad/public_html/wp-includes/plugin.php(256): WP_Hook->apply_filters(Array, Array)
#4 /home/drbastaninejad/public_html/wp-content/plugins/seo-by-rank-math/includes/traits/class-hooker.php(106): apply_filters_ref_array('rank_math/json_...', Array)
#5 /home/drbastaninejad/public_html/wp-content/plugins/seo-by-rank-math/includes/modules/schema/class-jsonld.php(149): RankMath\Schema\JsonLD->do_filter('json_ld', Array, Object(RankMath\Schema\JsonLD))
#6 /home/drbastaninejad/public_html/wp-includes/class-wp-hook.php(341): RankMath\Schema\JsonLD->json_ld()
#7 /home/drbastaninejad/public_html/wp-includes/class-wp-hook.php(365): WP_Hook->apply_filters(NULL, Array)
#8 /home/drbastaninejad/public_html/wp-includes/plugin.php(570): WP_Hook->do_action(Array)
#9 /home/drbastaninejad/public_html/wp-content/plugins/seo-by-rank-math/includes/traits/class-hooker.php(90): do_action_ref_array('rank_math/head', Array)
#10 /home/drbastaninejad/public_html/wp-content/plugins/seo-by-rank-math/includes/frontend/class-head.php(189): RankMath\Frontend\Head->do_action('head')
#11 /home/drbastaninejad/public_html/wp-includes/class-wp-hook.php(341): RankMath\Frontend\Head->head('')
#12 /home/drbastaninejad/public_html/wp-includes/class-wp-hook.php(365): WP_Hook->apply_filters(NULL, Array)
#13 /home/drbastaninejad/public_html/wp-includes/plugin.php(522): WP_Hook->do_action(Array)
#14 /home/drbastaninejad/public_html/wp-includes/general-template.php(3208): do_action('wp_head')
#15 /home/drbastaninejad/public_html/wp-content/themes/drbastaninejad-theme/header.php(6): wp_head()
#16 /home/drbastaninejad/public_html/wp-includes/template.php(814): require_once('/home/drbastani...')
#17 /home/drbastaninejad/public_html/wp-includes/template.php(749): load_template('/home/drbastani...', true, Array)
#18 /home/drbastaninejad/public_html/wp-includes/general-template.php(48): locate_template(Array, true, true, Array)
#19 /home/drbastaninejad/public_html/wp-content/themes/drbastaninejad-theme/page.php(1): get_header()
#20 /home/drbastaninejad/public_html/wp-includes/template-loader.php(132): include('/home/drbastani...')
#21 /home/drbastaninejad/public_html/wp-blog-header.php(19): require_once('/home/drbastani...')
#22 /home/drbastaninejad/public_html/index.php(17): require('/home/drbastani...')
#23 {main}
  thrown in /home/drbastaninejad/public_html/wp-content/plugins/seo-by-rank-math/includes/modules/schema/class-frontend.php on line 73
[17-Aug-2026 11:57:14 UTC] PHP Fatal error:  Uncaught TypeError: Cannot access offset of type string on string in /home/drbastaninejad/public_html/wp-content/plugins/seo-by-rank-math/includes/modules/schema/class-frontend.php:73
Stack trace:
#0 [internal function]: RankMath\Schema\Frontend->RankMath\Schema\{closure}('a:7:{s:8:"metad...')
#1 /home/drbastaninejad/public_html/wp-content/plugins/seo-by-rank-math/includes/modules/schema/class-frontend.php(70): array_filter(Array, Object(Closure))
#2 /home/drbastaninejad/public_html/wp-includes/class-wp-hook.php(341): RankMath\Schema\Frontend->add_schema(Array, Object(RankMath\Schema\JsonLD))
#3 /home/drbastaninejad/public_html/wp-includes/plugin.php(256): WP_Hook->apply_filters(Array, Array)
#4 /home/drbastaninejad/public_html/wp-content/plugins/seo-by-rank-math/includes/traits/class-hooker.php(106): apply_filters_ref_array('rank_math/json_...', Array)
#5 /home/drbastaninejad/public_html/wp-content/plugins/seo-by-rank-math/includes/modules/schema/class-jsonld.php(149): RankMath\Schema\JsonLD->do_filter('json_ld', Array, Object(RankMath\Schema\JsonLD))
#6 /home/drbastaninejad/public_html/wp-includes/class-wp-hook.php(341): RankMath\Schema\JsonLD->json_ld()
#7 /home/drbastaninejad/public_html/wp-includes/class-wp-hook.php(365): WP_Hook->apply_filters(NULL, Array)
#8 /home/drbastaninejad/public_html/wp-includes/plugin.php(570): WP_Hook->do_action(Array)
#9 /home/drbastaninejad/public_html/wp-content/plugins/seo-by-rank-math/includes/traits/class-hooker.php(90): do_action_ref_array('rank_math/head', Array)
#10 /home/drbastaninejad/public_html/wp-content/plugins/seo-by-rank-math/includes/frontend/class-head.php(189): RankMath\Frontend\Head->do_action('head')
#11 /home/drbastaninejad/public_html/wp-includes/class-wp-hook.php(341): RankMath\Frontend\Head->head('')
#12 /home/drbastaninejad/public_html/wp-includes/class-wp-hook.php(365): WP_Hook->apply_filters(NULL, Array)
#13 /home/drbastaninejad/public_html/wp-includes/plugin.php(522): WP_Hook->do_action(Array)
#14 /home/drbastaninejad/public_html/wp-includes/general-template.php(3208): do_action('wp_head')
#15 /home/drbastaninejad/public_html/wp-content/themes/drbastaninejad-theme/header.php(6): wp_head()
#16 /home/drbastaninejad/public_html/wp-includes/template.php(814): require_once('/home/drbastani...')
#17 /home/drbastaninejad/public_html/wp-includes/template.php(749): load_template('/home/drbastani...', true, Array)
#18 /home/drbastaninejad/public_html/wp-includes/general-template.php(48): locate_template(Array, true, true, Array)
#19 /home/drbastaninejad/public_html/wp-content/themes/drbastaninejad-theme/page.php(1): get_header()
#20 /home/drbastaninejad/public_html/wp-includes/template-loader.php(132): include('/home/drbastani...')
#21 /home/drbastaninejad/public_html/wp-blog-header.php(19): require_once('/home/drbastani...')
#22 /home/drbastaninejad/public_html/index.php(17): require('/home/drbastani...')
#23 {main}
  thrown in /home/drbastaninejad/public_html/wp-content/plugins/seo-by-rank-math/includes/modules/schema/class-frontend.php on line 73
[17-Aug-2026 12:00:24 UTC] PHP Fatal error:  Uncaught TypeError: Cannot access offset of type string on string in /home/drbastaninejad/public_html/wp-content/plugins/seo-by-rank-math/includes/modules/schema/class-frontend.php:73
Stack trace:
#0 [internal function]: RankMath\Schema\Frontend->RankMath\Schema\{closure}('a:7:{s:8:"metad...')
#1 /home/drbastaninejad/public_html/wp-content/plugins/seo-by-rank-math/includes/modules/schema/class-frontend.php(70): array_filter(Array, Object(Closure))
#2 /home/drbastaninejad/public_html/wp-includes/class-wp-hook.php(341): RankMath\Schema\Frontend->add_schema(Array, Object(RankMath\Schema\JsonLD))
#3 /home/drbastaninejad/public_html/wp-includes/plugin.php(256): WP_Hook->apply_filters(Array, Array)
#4 /home/drbastaninejad/public_html/wp-content/plugins/seo-by-rank-math/includes/traits/class-hooker.php(106): apply_filters_ref_array('rank_math/json_...', Array)
#5 /home/drbastaninejad/public_html/wp-content/plugins/seo-by-rank-math/includes/modules/schema/class-jsonld.php(149): RankMath\Schema\JsonLD->do_filter('json_ld', Array, Object(RankMath\Schema\JsonLD))
#6 /home/drbastaninejad/public_html/wp-includes/class-wp-hook.php(341): RankMath\Schema\JsonLD->json_ld()
#7 /home/drbastaninejad/public_html/wp-includes/class-wp-hook.php(365): WP_Hook->apply_filters(NULL, Array)
#8 /home/drbastaninejad/public_html/wp-includes/plugin.php(570): WP_Hook->do_action(Array)
#9 /home/drbastaninejad/public_html/wp-content/plugins/seo-by-rank-math/includes/traits/class-hooker.php(90): do_action_ref_array('rank_math/head', Array)
#10 /home/drbastaninejad/public_html/wp-content/plugins/seo-by-rank-math/includes/frontend/class-head.php(189): RankMath\Frontend\Head->do_action('head')
#11 /home/drbastaninejad/public_html/wp-includes/class-wp-hook.php(341): RankMath\Frontend\Head->head('')
#12 /home/drbastaninejad/public_html/wp-includes/class-wp-hook.php(365): WP_Hook->apply_filters(NULL, Array)
#13 /home/drbastaninejad/public_html/wp-includes/plugin.php(522): WP_Hook->do_action(Array)
#14 /home/drbastaninejad/public_html/wp-includes/general-template.php(3208): do_action('wp_head')
#15 /home/drbastaninejad/public_html/wp-content/themes/drbastaninejad-theme/header.php(6): wp_head()
#16 /home/drbastaninejad/public_html/wp-includes/template.php(814): require_once('/home/drbastani...')
#17 /home/drbastaninejad/public_html/wp-includes/template.php(749): load_template('/home/drbastani...', true, Array)
#18 /home/drbastaninejad/public_html/wp-includes/general-template.php(48): locate_template(Array, true, true, Array)
#19 /home/drbastaninejad/public_html/wp-content/themes/drbastaninejad-theme/page.php(1): get_header()
#20 /home/drbastaninejad/public_html/wp-includes/template-loader.php(132): include('/home/drbastani...')
#21 /home/drbastaninejad/public_html/wp-blog-header.php(19): require_once('/home/drbastani...')
#22 /home/drbastaninejad/public_html/index.php(17): require('/home/drbastani...')
#23 {main}
  thrown in /home/drbastaninejad/public_html/wp-content/plugins/seo-by-rank-math/includes/modules/schema/class-frontend.php on line 73
[17-Aug-2026 12:06:40 UTC] PHP Fatal error:  Uncaught TypeError: Cannot access offset of type string on string in /home/drbastaninejad/public_html/wp-content/plugins/seo-by-rank-math/includes/modules/schema/class-frontend.php:73
Stack trace:
#0 [internal function]: RankMath\Schema\Frontend->RankMath\Schema\{closure}('a:7:{s:8:"metad...')
#1 /home/drbastaninejad/public_html/wp-content/plugins/seo-by-rank-math/includes/modules/schema/class-frontend.php(70): array_filter(Array, Object(Closure))
#2 /home/drbastaninejad/public_html/wp-includes/class-wp-hook.php(341): RankMath\Schema\Frontend->add_schema(Array, Object(RankMath\Schema\JsonLD))
#3 /home/drbastaninejad/public_html/wp-includes/plugin.php(256): WP_Hook->apply_filters(Array, Array)
#4 /home/drbastaninejad/public_html/wp-content/plugins/seo-by-rank-math/includes/traits/class-hooker.php(106): apply_filters_ref_array('rank_math/json_...', Array)
#5 /home/drbastaninejad/public_html/wp-content/plugins/seo-by-rank-math/includes/modules/schema/class-jsonld.php(149): RankMath\Schema\JsonLD->do_filter('json_ld', Array, Object(RankMath\Schema\JsonLD))
#6 /home/drbastaninejad/public_html/wp-includes/class-wp-hook.php(341): RankMath\Schema\JsonLD->json_ld()
#7 /home/drbastaninejad/public_html/wp-includes/class-wp-hook.php(365): WP_Hook->apply_filters(NULL, Array)
#8 /home/drbastaninejad/public_html/wp-includes/plugin.php(570): WP_Hook->do_action(Array)
#9 /home/drbastaninejad/public_html/wp-content/plugins/seo-by-rank-math/includes/traits/class-hooker.php(90): do_action_ref_array('rank_math/head', Array)
#10 /home/drbastaninejad/public_html/wp-content/plugins/seo-by-rank-math/includes/frontend/class-head.php(189): RankMath\Frontend\Head->do_action('head')
#11 /home/drbastaninejad/public_html/wp-includes/class-wp-hook.php(341): RankMath\Frontend\Head->head('')
#12 /home/drbastaninejad/public_html/wp-includes/class-wp-hook.php(365): WP_Hook->apply_filters(NULL, Array)
#13 /home/drbastaninejad/public_html/wp-includes/plugin.php(522): WP_Hook->do_action(Array)
#14 /home/drbastaninejad/public_html/wp-includes/general-template.php(3208): do_action('wp_head')
#15 /home/drbastaninejad/public_html/wp-content/themes/drbastaninejad-theme/header.php(6): wp_head()
#16 /home/drbastaninejad/public_html/wp-includes/template.php(814): require_once('/home/drbastani...')
#17 /home/drbastaninejad/public_html/wp-includes/template.php(749): load_template('/home/drbastani...', true, Array)
#18 /home/drbastaninejad/public_html/wp-includes/general-template.php(48): locate_template(Array, true, true, Array)
#19 /home/drbastaninejad/public_html/wp-content/themes/drbastaninejad-theme/page.php(1): get_header()
#20 /home/drbastaninejad/public_html/wp-includes/template-loader.php(132): include('/home/drbastani...')
#21 /home/drbastaninejad/public_html/wp-blog-header.php(19): require_once('/home/drbastani...')
#22 /home/drbastaninejad/public_html/index.php(17): require('/home/drbastani...')
#23 {main}
  thrown in /home/drbastaninejad/public_html/wp-content/plugins/seo-by-rank-math/includes/modules/schema/class-frontend.php on line 73
[17-Aug-2026 12:17:14 UTC] PHP Fatal error:  Uncaught TypeError: Cannot access offset of type string on string in /home/drbastaninejad/public_html/wp-content/plugins/seo-by-rank-math/includes/modules/schema/class-frontend.php:73
Stack trace:
#0 [internal function]: RankMath\Schema\Frontend->RankMath\Schema\{closure}('a:7:{s:8:"metad...')
#1 /home/drbastaninejad/public_html/wp-content/plugins/seo-by-rank-math/includes/modules/schema/class-frontend.php(70): array_filter(Array, Object(Closure))
#2 /home/drbastaninejad/public_html/wp-includes/class-wp-hook.php(341): RankMath\Schema\Frontend->add_schema(Array, Object(RankMath\Schema\JsonLD))
#3 /home/drbastaninejad/public_html/wp-includes/plugin.php(256): WP_Hook->apply_filters(Array, Array)
#4 /home/drbastaninejad/public_html/wp-content/plugins/seo-by-rank-math/includes/traits/class-hooker.php(106): apply_filters_ref_array('rank_math/json_...', Array)
#5 /home/drbastaninejad/public_html/wp-content/plugins/seo-by-rank-math/includes/modules/schema/class-jsonld.php(149): RankMath\Schema\JsonLD->do_filter('json_ld', Array, Object(RankMath\Schema\JsonLD))
#6 /home/drbastaninejad/public_html/wp-includes/class-wp-hook.php(341): RankMath\Schema\JsonLD->json_ld()
#7 /home/drbastaninejad/public_html/wp-includes/class-wp-hook.php(365): WP_Hook->apply_filters(NULL, Array)
#8 /home/drbastaninejad/public_html/wp-includes/plugin.php(570): WP_Hook->do_action(Array)
#9 /home/drbastaninejad/public_html/wp-content/plugins/seo-by-rank-math/includes/traits/class-hooker.php(90): do_action_ref_array('rank_math/head', Array)
#10 /home/drbastaninejad/public_html/wp-content/plugins/seo-by-rank-math/includes/frontend/class-head.php(189): RankMath\Frontend\Head->do_action('head')
#11 /home/drbastaninejad/public_html/wp-includes/class-wp-hook.php(341): RankMath\Frontend\Head->head('')
#12 /home/drbastaninejad/public_html/wp-includes/class-wp-hook.php(365): WP_Hook->apply_filters(NULL, Array)
#13 /home/drbastaninejad/public_html/wp-includes/plugin.php(522): WP_Hook->do_action(Array)
#14 /home/drbastaninejad/public_html/wp-includes/general-template.php(3208): do_action('wp_head')
#15 /home/drbastaninejad/public_html/wp-content/themes/drbastaninejad-theme/header.php(6): wp_head()
#16 /home/drbastaninejad/public_html/wp-includes/template.php(814): require_once('/home/drbastani...')
#17 /home/drbastaninejad/public_html/wp-includes/template.php(749): load_template('/home/drbastani...', true, Array)
#18 /home/drbastaninejad/public_html/wp-includes/general-template.php(48): locate_template(Array, true, true, Array)
#19 /home/drbastaninejad/public_html/wp-content/themes/drbastaninejad-theme/page.php(1): get_header()
#20 /home/drbastaninejad/public_html/wp-includes/template-loader.php(132): include('/home/drbastani...')
#21 /home/drbastaninejad/public_html/wp-blog-header.php(19): require_once('/home/drbastani...')
#22 /home/drbastaninejad/public_html/index.php(17): require('/home/drbastani...')
#23 {main}
  thrown in /home/drbastaninejad/public_html/wp-content/plugins/seo-by-rank-math/includes/modules/schema/class-frontend.php on line 73
[17-Aug-2026 12:23:12 UTC] PHP Fatal error:  Uncaught TypeError: Cannot access offset of type string on string in /home/drbastaninejad/public_html/wp-content/plugins/seo-by-rank-math/includes/modules/schema/class-frontend.php:73
Stack trace:
#0 [internal function]: RankMath\Schema\Frontend->RankMath\Schema\{closure}('a:7:{s:8:"metad...')
#1 /home/drbastaninejad/public_html/wp-content/plugins/seo-by-rank-math/includes/modules/schema/class-frontend.php(70): array_filter(Array, Object(Closure))
#2 /home/drbastaninejad/public_html/wp-includes/class-wp-hook.php(341): RankMath\Schema\Frontend->add_schema(Array, Object(RankMath\Schema\JsonLD))
#3 /home/drbastaninejad/public_html/wp-includes/plugin.php(256): WP_Hook->apply_filters(Array, Array)
#4 /home/drbastaninejad/public_html/wp-content/plugins/seo-by-rank-math/includes/traits/class-hooker.php(106): apply_filters_ref_array('rank_math/json_...', Array)
#5 /home/drbastaninejad/public_html/wp-content/plugins/seo-by-rank-math/includes/modules/schema/class-jsonld.php(149): RankMath\Schema\JsonLD->do_filter('json_ld', Array, Object(RankMath\Schema\JsonLD))
#6 /home/drbastaninejad/public_html/wp-includes/class-wp-hook.php(341): RankMath\Schema\JsonLD->json_ld()
#7 /home/drbastaninejad/public_html/wp-includes/class-wp-hook.php(365): WP_Hook->apply_filters(NULL, Array)
#8 /home/drbastaninejad/public_html/wp-includes/plugin.php(570): WP_Hook->do_action(Array)
#9 /home/drbastaninejad/public_html/wp-content/plugins/seo-by-rank-math/includes/traits/class-hooker.php(90): do_action_ref_array('rank_math/head', Array)
#10 /home/drbastaninejad/public_html/wp-content/plugins/seo-by-rank-math/includes/frontend/class-head.php(189): RankMath\Frontend\Head->do_action('head')
#11 /home/drbastaninejad/public_html/wp-includes/class-wp-hook.php(341): RankMath\Frontend\Head->head('')
#12 /home/drbastaninejad/public_html/wp-includes/class-wp-hook.php(365): WP_Hook->apply_filters(NULL, Array)
#13 /home/drbastaninejad/public_html/wp-includes/plugin.php(522): WP_Hook->do_action(Array)
#14 /home/drbastaninejad/public_html/wp-includes/general-template.php(3208): do_action('wp_head')
#15 /home/drbastaninejad/public_html/wp-content/themes/drbastaninejad-theme/header.php(6): wp_head()
#16 /home/drbastaninejad/public_html/wp-includes/template.php(814): require_once('/home/drbastani...')
#17 /home/drbastaninejad/public_html/wp-includes/template.php(749): load_template('/home/drbastani...', true, Array)
#18 /home/drbastaninejad/public_html/wp-includes/general-template.php(48): locate_template(Array, true, true, Array)
#19 /home/drbastaninejad/public_html/wp-content/themes/drbastaninejad-theme/page.php(1): get_header()
#20 /home/drbastaninejad/public_html/wp-includes/template-loader.php(132): include('/home/drbastani...')
#21 /home/drbastaninejad/public_html/wp-blog-header.php(19): require_once('/home/drbastani...')
#22 /home/drbastaninejad/public_html/index.php(17): require('/home/drbastani...')
#23 {main}
  thrown in /home/drbastaninejad/public_html/wp-content/plugins/seo-by-rank-math/includes/modules/schema/class-frontend.php on line 73
[17-Aug-2026 13:22:21 UTC] PHP Fatal error:  Uncaught TypeError: Cannot access offset of type string on string in /home/drbastaninejad/public_html/wp-content/plugins/seo-by-rank-math/includes/modules/schema/class-frontend.php:73
Stack trace:
#0 [internal function]: RankMath\Schema\Frontend->RankMath\Schema\{closure}('a:7:{s:8:"metad...')
#1 /home/drbastaninejad/public_html/wp-content/plugins/seo-by-rank-math/includes/modules/schema/class-frontend.php(70): array_filter(Array, Object(Closure))
#2 /home/drbastaninejad/public_html/wp-includes/class-wp-hook.php(341): RankMath\Schema\Frontend->add_schema(Array, Object(RankMath\Schema\JsonLD))
#3 /home/drbastaninejad/public_html/wp-includes/plugin.php(256): WP_Hook->apply_filters(Array, Array)
#4 /home/drbastaninejad/public_html/wp-content/plugins/seo-by-rank-math/includes/traits/class-hooker.php(106): apply_filters_ref_array('rank_math/json_...', Array)
#5 /home/drbastaninejad/public_html/wp-content/plugins/seo-by-rank-math/includes/modules/schema/class-jsonld.php(149): RankMath\Schema\JsonLD->do_filter('json_ld', Array, Object(RankMath\Schema\JsonLD))
#6 /home/drbastaninejad/public_html/wp-includes/class-wp-hook.php(341): RankMath\Schema\JsonLD->json_ld()
#7 /home/drbastaninejad/public_html/wp-includes/class-wp-hook.php(365): WP_Hook->apply_filters(NULL, Array)
#8 /home/drbastaninejad/public_html/wp-includes/plugin.php(570): WP_Hook->do_action(Array)
#9 /home/drbastaninejad/public_html/wp-content/plugins/seo-by-rank-math/includes/traits/class-hooker.php(90): do_action_ref_array('rank_math/head', Array)
#10 /home/drbastaninejad/public_html/wp-content/plugins/seo-by-rank-math/includes/frontend/class-head.php(189): RankMath\Frontend\Head->do_action('head')
#11 /home/drbastaninejad/public_html/wp-includes/class-wp-hook.php(341): RankMath\Frontend\Head->head('')
#12 /home/drbastaninejad/public_html/wp-includes/class-wp-hook.php(365): WP_Hook->apply_filters(NULL, Array)
#13 /home/drbastaninejad/public_html/wp-includes/plugin.php(522): WP_Hook->do_action(Array)
#14 /home/drbastaninejad/public_html/wp-includes/general-template.php(3208): do_action('wp_head')
#15 /home/drbastaninejad/public_html/wp-content/themes/drbastaninejad-theme/header.php(6): wp_head()
#16 /home/drbastaninejad/public_html/wp-includes/template.php(814): require_once('/home/drbastani...')
#17 /home/drbastaninejad/public_html/wp-includes/template.php(749): load_template('/home/drbastani...', true, Array)
#18 /home/drbastaninejad/public_html/wp-includes/general-template.php(48): locate_template(Array, true, true, Array)
#19 /home/drbastaninejad/public_html/wp-content/themes/drbastaninejad-theme/page.php(1): get_header()
#20 /home/drbastaninejad/public_html/wp-includes/template-loader.php(132): include('/home/drbastani...')
#21 /home/drbastaninejad/public_html/wp-blog-header.php(19): require_once('/home/drbastani...')
#22 /home/drbastaninejad/public_html/index.php(17): require('/home/drbastani...')
#23 {main}
  thrown in /home/drbastaninejad/public_html/wp-content/plugins/seo-by-rank-math/includes/modules/schema/class-frontend.php on line 73
